Workbook
Name DD: 'Данные ВВ'!$A$1:$H$58
Name В: 'Данные ВВ'!$B$3:$B$58
Name ВВ: 'Данные ВВ'!$B$3:$B$58
Name Дт: 'Наст. эксц.'!$N$5:$N$50
Name УПС.09.УВ2_105: 'Карта настройки'!$Q$17

Sheet Карта н. для ц.
I1: КАРТА НАСТРОЙКИ
K3: Прокат профильной трубы Ø | L3: =Осн.таблица!A2 -> 250 | M3: мм
H4: из заготовки Ø | I4: =Осн.таблица!C3 -> 245.77055 | J4: толщина стенки | L4: =Осн.таблица!A19 -> 8 | M4: мм
D6: Настройка горизонтальных валков | M6: Настройка эджеров
A7: =NOW() -> 46288.744
A8: Клеть | B8: Валок горизонтальный | E8: Высота калибра /обжатия | G8: База | H8: Наборка на кассете | J8: Валок вертикальный | M8: Диаметр | N8: Ширина бочки | O8: Втулка дист. | P8: Ширина кал-ра/обж | R8: Наб. прок.
A9: =Осн.таблица!D2 -> Кл.1 | B9: ='Карта настройки'!H17 -> 1 | C9: =Осн.таблица!D10 -> 400 | D9: =Осн.таблица!D8 -> 529 | E9: =Осн.таблица!D5 -> 240.77055 | F9: =Осн.таблица!D3 -> 5 | G9: =Осн.таблица!D32 -> 41.114727 | H9: =Осн.таблица!D31 -> 99.885273 | J9: ='Карта настройки'!Q17 -> УПС.09.УВ2И-105 | M9: =Осн.таблица!D18 -> 410 | N9: =Осн.таблица!A13 -> 105 | O9: =Осн.таблица!D33 -> 27.5 | P9: =Осн.таблица!D15 -> 250.77055 | Q9: =Осн.таблица!D14 -> -5 | R9: ='Карта настройки'!AA17 -> 114.61473
A10: =Осн.таблица!E2 -> Кл.2 | B10: ='Карта настройки'!H18 -> 3 | C10: =Осн.таблица!E10 -> 400 | D10: =Осн.таблица!E8 -> 548 | E10: =Осн.таблица!E5 -> 227.77055 | F10: =Осн.таблица!E3 -> 13 | G10: =Осн.таблица!E32 -> 38.114727 | H10: =Осн.таблица!E31 -> 102.88527 | J10: ='Карта настройки'!Q18 -> УПС.09.УВ3И-115 | M10: =Осн.таблица!E18 -> 410 | N10: =Осн.таблица!A14 -> 115 | O10: =Осн.таблица!E33 -> 22.5 | P10: =Осн.таблица!E15 -> 243.77055 | Q10: =Осн.таблица!E14 -> 7 | R10: ='Карта настройки'!AA18 -> 118.11473
A11: =Осн.таблица!F2 -> Кл.3 | B11: ='Карта настройки'!H19 -> 4 | C11: =Осн.таблица!F10 -> 400 | D11: =Осн.таблица!F8 -> 565 | E11: =Осн.таблица!F5 -> 225.77055 | F11: =Осн.таблица!F3 -> 2 | G11: =Осн.таблица!F32 -> 30.614727 | H11: =Осн.таблица!F31 -> 110.38527 | J11: ='Карта настройки'!Q19 -> УПС.09.УВ3И-125 | M11: =Осн.таблица!F18 -> 410 | N11: =Осн.таблица!A15 -> 125 | O11: =Осн.таблица!F33 -> 17.5 | P11: =Осн.таблица!F15 -> 234.77055 | Q11: =Осн.таблица!F14 -> 9 | R11: ='Карта настройки'!AA19 -> 122.61473
A12: =Осн.таблица!G2 -> Кл.4 | B12: ='Карта настройки'!H20 -> 4 | C12: =Осн.таблица!G10 -> 400 | D12: =Осн.таблица!G8 -> 577 | E12: =Осн.таблица!G5 -> 219.77055 | F12: =Осн.таблица!G3 -> 6 | G12: =Осн.таблица!G32 -> 27.614727 | H12: =Осн.таблица!G31 -> 113.38527 | J12: ='Карта настройки'!Q20 -> УПС.09.УВ4-125 | M12: =Осн.таблица!G18 -> 410 | N12: =Осн.таблица!A16 -> 125 | O12: =Осн.таблица!G33 -> 17.5 | P12: =Осн.таблица!G15 -> 226.77055 | Q12: =Осн.таблица!G14 -> 8 | R12: ='Карта настройки'!AA20 -> 126.61473
A13: =Осн.таблица!H2 -> Кл.5 | B13: ='Карта настройки'!H21 -> 5 | C13: =Осн.таблица!H10 -> 400 | D13: =Осн.таблица!H8 -> 587 | E13: =Осн.таблица!H5 -> 218.77055 | F13: =Осн.таблица!H3 -> 1 | G13: =Осн.таблица!H32 -> 23.114727 | H13: =Осн.таблица!H31 -> 117.88527 | J13: ='Карта настройки'!Q21 -> УПС.09.УВ4И-135 | M13: =Осн.таблица!H18 -> 410 | N13: =Осн.таблица!A17 -> 135 | O13: =Осн.таблица!H33 -> 12.5 | P13: =Осн.таблица!H15 -> 219.77055 | Q13: =Осн.таблица!H14 -> 7 | R13: ='Карта настройки'!AA21 -> 130.11473
A14: =Осн.таблица!I2 -> Кл.6 | B14: ='Карта настройки'!H22 -> 5 | C14: =Осн.таблица!I10 -> 400 | D14: =Осн.таблица!I8 -> 589 | E14: =Осн.таблица!I5 -> 216.77055 | F14: =Осн.таблица!I3 -> 2 | G14: =Осн.таблица!I32 -> 23.114727 | H14: =Осн.таблица!I31 -> 117.88527 | J14: ='Карта настройки'!Q22 -> Валок наборной | M14: =Осн.таблица!I18 -> 455 | N14: =Осн.таблица!A18 -> 145 | O14: =Осн.таблица!I33 -> 7.5 | P14: =Осн.таблица!I15 -> 216.77055 | Q14: =Осн.таблица!I14 -> 3 | R14: ='Карта настройки'!AA22 -> 109.11473
D17: Скоростные характеристики стана УПС
A19: Клеть | D19: 1 | E19: 2 | F19: 3 | G19: 4 | H19: 5 | I19: 6
A20: Усл. Тип ГВ | D20: ='Карта настройки'!G17 -> 400 | E20: ='Карта настройки'!G18 -> 400 | F20: ='Карта настройки'!G19 -> 400 | G20: ='Карта настройки'!G20 -> 400 | H20: ='Карта настройки'!G21 -> 400 | I20: 300 | J20: Vгв, м/мин (iкпп= 6,17/3,40)
A21: Диаметр ГВ, мм | D21: ='Карта настройки'!I17 -> 529 | E21: ='Карта настройки'!I18 -> 548 | F21: ='Карта настройки'!I19 -> 565 | G21: ='Карта настройки'!I20 -> 577 | H21: ='Карта настройки'!I21 -> 587 | I21: ='Карта настройки'!I22 -> 589
A22: Коэф. Скорости* | D22: 1 | E22: =1.01*($D$21/E21) -> 0.97498175 | F22: =1.01*($D$21/F21) -> 0.94564602 | G22: =1.01*(0.85*$D$21/G21) -> 0.78708232 | H22: =1.01*($D$21/H21) -> 0.91020443 | I22: =1.01*($D$21/I21) -> 0.90711375
E23: =1.005*($D$21/E21)*(1+(1.015-1)*('Карта настройки'!F18/'Карта настройки'!$F$23)) -> 0.97484941 | F23: =1.005*($D$21/F21)*(1+(1.015-1)*('Карта настройки'!F19/'Карта настройки'!$F$23)) -> 0.94346878 | G23: =1.005*(0.85*$D$21/G21)*(1+(1.015-1)*('Карта настройки'!F20/'Карта настройки'!$F$23)) -> 0.7858386 | H23: =1.005*($D$21/H21)*(1+(1.015-1)*('Карта настройки'!F21/'Карта настройки'!$F$23)) -> 0.90745143 | I23: =1.005*($D$21/I21)*(1+(1.015-1)*('Карта настройки'!F22/'Карта настройки'!$F$23)) -> 0.9034966
A24: Частота оборотов привода, об/мин | D24: 300 | E24: =$D$24*E23 -> 292.45482 | F24: =$D$24*F23 -> 283.04063 | G24: =$D$24*G23 -> 235.75158 | H24: =$D$24*H23 -> 272.23543 | I24: =$D$24*I23 -> 271.04898 | J24: =(3.1415*($I$21/1000)*I24)/(6.17*50) -> 1.6257171 | K24: =(3.1415*($I$21/1000)*I24)/(3.4*50) -> 2.9501983
D25: 600 | E25: =$D$25*E23 -> 584.90965 | F25: =$D$25*F23 -> 566.08127 | G25: =$D$25*G23 -> 471.50316 | H25: =$D$25*H23 -> 544.47086 | I25: =$D$25*I23 -> 542.09796 | J25: =(3.1415*($I$21/1000)*I25)/(6.17*50) -> 3.2514341 | K25: =(3.1415*($I$21/1000)*I25)/(3.4*50) -> 5.9003967
D26: 700 | E26: =$D$26*E23 -> 682.39459 | F26: =$D$26*F23 -> 660.42815 | G26: =$D$26*G23 -> 550.08702 | H26: =$D$26*H23 -> 635.216 | I26: =$D$26*I23 -> 632.44762 | J26: =(3.1415*($I$21/1000)*I26)/(6.17*50) -> 3.7933398 | K26: =(3.1415*($I$21/1000)*I26)/(3.4*50) -> 6.8837961
D27: 800 | E27: =$D$27*E23 -> 779.87953 | F27: =$D$27*F23 -> 754.77503 | G27: =$D$27*G23 -> 628.67088 | H27: =$D$27*H23 -> 725.96115 | I27: =$D$27*I23 -> 722.79728 | J27: =(3.1415*($I$21/1000)*I27)/(6.17*50) -> 4.3352455 | K27: =(3.1415*($I$21/1000)*I27)/(3.4*50) -> 7.8671955
D28: 900 | E28: =$D$28*E23 -> 877.36447 | F28: =$D$28*F23 -> 849.1219 | G28: =$D$28*G23 -> 707.25474 | H28: =$D$28*H23 -> 816.70629 | I28: =$D$28*I23 -> 813.14694 | J28: =(3.1415*($I$21/1000)*I28)/(6.17*50) -> 4.8771512 | K28: =(3.1415*($I$21/1000)*I28)/(3.4*50) -> 8.850595
D29: 1000 | E29: =$D$29*E23 -> 974.84941 | F29: =$D$29*F23 -> 943.46878 | G29: =$D$29*G23 -> 785.8386 | H29: =$D$29*H23 -> 907.45143 | I29: =$D$29*I23 -> 903.4966 | J29: =(3.1415*($I$21/1000)*I29)/(6.17*50) -> 5.4190569 | K29: =(3.1415*($I$21/1000)*I29)/(3.4*50) -> 9.8339944
D30: 1200 | E30: =$D$30*E23 -> 1169.8193 | F30: =$D$30*F23 -> 1132.1625 | G30: =$D$30*G23 -> 943.00632 | H30: =$D$30*H23 -> 1088.9417 | I30: =$D$30*I23 -> 1084.1959 | J30: =(3.1415*($I$21/1000)*I30)/(6.17*50) -> 6.5028683 | K30: =(3.1415*($I$21/1000)*I30)/(3.4*50) -> 11.800793
D31: 1300 | E31: =$D$31*E23 -> 1267.3042 | F31: =$D$31*F23 -> 1226.5094 | G31: =$D$31*G23 -> 1021.5902 | H31: =$D$31*H23 -> 1179.6869 | I31: =$D$31*I23 -> 1174.5456 | J31: =(3.1415*($I$21/1000)*I31)/(6.17*50) -> 7.044774 | K31: =(3.1415*($I$21/1000)*I31)/(3.4*50) -> 12.784193
D32: 1400 | E32: =$D$32*E23 -> 1364.7892 | F32: =$D$32*F23 -> 1320.8563 | G32: =$D$32*G23 -> 1100.174 | H32: =$D$32*H23 -> 1270.432 | I32: =$D$32*I23 -> 1264.8952 | J32: =(3.1415*($I$21/1000)*I32)/(6.17*50) -> 7.5866797 | K32: =(3.1415*($I$21/1000)*I32)/(3.4*50) -> 13.767592
D33: 1500 | E33: =$D$33*E23 -> 1462.2741 | F33: =$D$33*F23 -> 1415.2032 | G33: =$D$33*G23 -> 1178.7579 | H33: =$D$33*H23 -> 1361.1771 | I33: =$D$33*I23 -> 1355.2449 | J33: =(3.1415*($I$21/1000)*I33)/(6.17*50) -> 8.1285854 | K33: =(3.1415*($I$21/1000)*I33)/(3.4*50) -> 14.750992

Sheet Карта настройки
N1: КАРТА НАСТРОЙКИ
N2: (контрольная) | AB2: УТВЕРЖДАЮ
AB3: Директор
A4: =NOW() -> 46288.744
J6: Прокат профильной трубы | K6: 250 | L6: х | M6: 160 | N6: х | O6: 8 | P6: толщина стенки | W6: из заготовки Ø | X6: =Осн.таблица!C3 -> 245.77055 | Y6: мм
I8: Подбор диаметра заготовки ограничен: | J8: от | K8: =((K6+M6)/2)*W12 -> 250.06941 | L8: до | M8: =((K6+M6)/2)*Y12 -> 255.41 | O8: =Осн.таблица!C13 -> 3.875 | P8: отношение Rn/s | W8: выбор по списку Øз | X8: 0 | Y8: мм
J10: Подбор радиуса закругления | K10: 31 | L10: мм | M10: =Осн.таблица!C7 -> 33.709888 | N10: =100-((K10*100)/M10) -> 8.0388529 | O10: =M10/O6 -> 4.213736 | W10: введите количество работающих клетей | X10: 5 | Y10: (иск. Кл1)
J12: Расчётный радиус закругления | K12: =((2*(K6+M6)-(PI()*X6*(1-(0.005+0.0025*O6))))/1.77) -> 37.961485 | L12: мм | P12: коэффициенты отношения Øз/а* | V12: min | W12: =Коэф!G5 -> 1.2198508 | X12: max | Y12: =Коэф!F5 -> 1.2459024 | Z12: реал | AA12: =X6/((K6+M6)/2) -> 1.1988807
A13: Настройка горизонтальных валков | Q13: Настройка эджеров
A15: Кл | B15: Рп, т | C15: Мп, кгм | D15: Сумарные обжатия | G15: Валок горизонтальный | K15: Высота калибра | O15: Шайбы | Q15: Валок вертикальный | T15: Кас. | U15: Dвв | V15: А | X15: Lв и Rв вертикального валка | AA15: Наб. под опоры ВВ | AB15: Втулка дист. | AC15: Ширина
A16: № | D16: ГВ | E16: ВВ | F16: Σ | G16: Lг | H16: №Г | I16: Dг | J16: Rг | K16: В | L16: Обж | N16: Пер | O16: База | P16: Кас. | Q16: Наименование | T16: В | V16: max | W16: min | X16: Lв | Y16: Rв | Z16: Δщ | AC16: кал | AD16: обж
A17: 1 | B17: =Осн.таблица!D36 -> 19.870124 | C17: =Осн.таблица!D37 -> 46.745583 | D17: =IF(L17<=0,0,L17) -> 5 | E17: =AD17 -> -5 | F17: =IF(E17<0,D17+(D17+E17),D17+E17) -> 5 | G17: 400 | H17: =VLOOKUP(I17,'Данные ВГ'!A:B,2) -> 1 | I17: 529 | J17: 300 | K17: =Осн.таблица!D5 -> 240.77055 | L17: 5 | O17: =Осн.таблица!D32 -> 41.114727 | P17: =Осн.таблица!D31 -> 99.885273 | Q17: УПС.09.УВ2И-105 | U17: 410 | V17: =IF(T17=0,VLOOKUP(U17,'Наст. эксц.'!$B$21:$C$30,2),VLOOKUP(U17,'Наст. эксц.'!$H$21:$I$30,2)) -> 500 | W17: =VLOOKUP(U17,'Наст. эксц.'!D21:E30,2) -> 140 | X17: 105 | Y17: 300 | Z17: =Осн.таблица!D4 -> 164.37734 | AA17: =IF($T$17=0,570-(125+(AC17+U17)/2),0) -> 114.61473 | AB17: =Осн.таблица!D33 -> 27.5 | AC17: =Осн.таблица!D15 -> 250.77055 | AD17: -5
A18: 2 | B18: =Осн.таблица!E36 -> 37.779622 | C18: =Осн.таблица!E37 -> 945.34648 | D18: =IF(L18<=0,0,L18) -> 13 | E18: =AD18 -> 7 | F18: =IF(E18<0,D18+(D18+E18),D18+E18) -> 20 | G18: 400 | H18: =VLOOKUP(I18,'Данные ВГ'!A:B,2) -> 3 | I18: 548 | J18: 600 | K18: =Осн.таблица!E5 -> 227.77055 | L18: =Осн.таблица!E3 -> 13 | N18: -6 | O18: =Осн.таблица!E32 -> 38.114727 | P18: =Осн.таблица!E31 -> 102.88527 | Q18: УПС.09.УВ3И-115 | T18: 220 | U18: 410 | V18: =IF(T17=0,VLOOKUP(U18,'Наст. эксц.'!$B$21:$C$30,2),VLOOKUP(U18,'Наст. эксц.'!$H$21:$I$30,2)) -> 500 | W18: =VLOOKUP(U18,'Наст. эксц.'!D21:E30,2) -> 140 | X18: 115 | Y18: 600 | Z18: =Осн.таблица!E4 -> 193.45597 | AA18: =IF($T$17=0,570-(125+(AC18+U18)/2),0) -> 118.11473 | AB18: =Осн.таблица!E33 -> 22.5 | AC18: =Осн.таблица!E15 -> 243.77055 | AD18: 7
A19: 3 | B19: =Осн.таблица!F36 -> 15.352502 | C19: =Осн.таблица!F37 -> 956.07061 | D19: =L19 -> 2 | E19: =AD19 -> 9 | F19: =IF(E19<0,D19+(D19+E19),D19+E19) -> 11 | G19: 400 | H19: =VLOOKUP(I19,'Данные ВГ'!A:B,2) -> 4 | I19: 565 | J19: 1200 | K19: =Осн.таблица!F5 -> 225.77055 | L19: 2 | O19: =Осн.таблица!F32 -> 30.614727 | P19: =Осн.таблица!F31 -> 110.38527 | Q19: УПС.09.УВ3И-125 | U19: 410 | V19: =IF(T19=0,VLOOKUP(U19,'Наст. эксц.'!$B$21:$C$30,2),VLOOKUP(U19,'Наст. эксц.'!$H$21:$I$30,2)) -> 500 | W19: =VLOOKUP(U19,'Наст. эксц.'!D21:E30,2) -> 140 | X19: 125 | Y19: 600 | Z19: =Осн.таблица!F4 -> 208.9865 | AA19: =IF($T$19=0,570-(125+(AC19+U19)/2),0) -> 122.61473 | AB19: =Осн.таблица!F33 -> 17.5 | AC19: =Осн.таблица!F15 -> 234.77055 | AD19: 9
A20: 4 | B20: =Осн.таблица!G36 -> 28.491482 | C20: =Осн.таблица!G37 -> 1003.983 | D20: =L20 -> 6 | E20: =AD20 -> 8 | F20: =IF(E20<0,D20+(D20+E20),D20+E20) -> 14 | G20: 400 | H20: =VLOOKUP(I20,'Данные ВГ'!A:B,2) -> 4 | I20: 577 | J20: 3000 | K20: =Осн.таблица!G5 -> 219.77055 | L20: =Осн.таблица!G3 -> 6 | N20: -6 | O20: =Осн.таблица!G32 -> 27.614727 | P20: =Осн.таблица!G31 -> 113.38527 | Q20: УПС.09.УВ4-125 | T20: 220 | U20: 410 | V20: =IF(T19=0,VLOOKUP(U20,'Наст. эксц.'!$B$21:$C$30,2),VLOOKUP(U20,'Наст. эксц.'!$H$21:$I$30,2)) -> 500 | W20: =VLOOKUP(U20,'Наст. эксц.'!D21:E30,2) -> 140 | X20: 125 | Y20: 1500 | Z20: =Осн.таблица!G4 -> 213.09646 | AA20: =IF($T$19=0,570-(125+(AC20+U20)/2),0) -> 126.61473 | AB20: =Осн.таблица!G33 -> 17.5 | AC20: =Осн.таблица!G15 -> 226.77055 | AD20: 8
A21: 5 | B21: =Осн.таблица!H36 -> 11.839366 | C21: =Осн.таблица!H37 -> 1013.5261 | D21: =L21 -> 1 | E21: =AD21 -> 7 | F21: =IF(E21<0,D21+(D21+E21),D21+E21) -> 8 | G21: 400 | H21: =VLOOKUP(I21,'Данные ВГ'!A:B,2) -> 5 | I21: 587 | J21: 7000 | K21: =Осн.таблица!H5 -> 218.77055 | L21: 1 | O21: =Осн.таблица!H32 -> 23.114727 | P21: =Осн.таблица!H31 -> 117.88527 | Q21: УПС.09.УВ4И-135 | U21: 410 | V21: =IF(T21=0,VLOOKUP(U21,'Наст. эксц.'!$B$21:$C$30,2),VLOOKUP(U21,'Наст. эксц.'!$H$21:$I$30,2)) -> 500 | W21: =VLOOKUP(U21,'Наст. эксц.'!D22:E31,2) -> 140 | X21: 135 | Y21: 1500 | Z21: =Осн.таблица!H4 -> 215.91282 | AA21: =IF($T$21=0,570-(125+(AC21+U21)/2),0) -> 130.11473 | AB21: =Осн.таблица!H33 -> 12.5 | AC21: =Осн.таблица!H15 -> 219.77055 | AD21: 7
A22: 6 | B22: =Осн.таблица!I36 -> 17.08566 | C22: =Осн.таблица!I37 -> 1020.8272 | D22: =L22 -> 1 | E22: =AD22 -> 3 | F22: =IF(E22<0,D22+(D22+E22),D22+E22) -> 4 | G22: 400 | H22: =VLOOKUP(I22,'Данные ВГ'!A:B,2) -> 5 | I22: 589 | J22: ― | K22: =Осн.таблица!I5 -> 216.77055 | L22: 1 | O22: =Осн.таблица!I32 -> 23.114727 | P22: =Осн.таблица!I31 -> 117.88527 | Q22: Валок наборной | T22: 220 | U22: 455 | V22: =IF(T21=0,VLOOKUP(U22,'Наст. эксц.'!$B$21:$C$30,2),VLOOKUP(U22,'Наст. эксц.'!$H$21:$I$30,2)) -> 455 | W22: =VLOOKUP(U22,'Наст. эксц.'!D21:E307,2) -> 95 | X22: 145 | Y22: ― | Z22: =Осн.таблица!I4 -> 216.75055 | AA22: =IF($T$21=0,570-(125+(AC22+U22)/2),0) -> 109.11473 | AB22: =Осн.таблица!I33 -> 7.5 | AC22: =Осн.таблица!I15 -> 216.77055 | AD22: 3
A23: Суммарные обжатия | F23: =SUM(F17:F22) -> 62 | G23: Пл/масса | I23: =(2*O6*(K6+M6-2*O6)-(4-3.1415)*(K10^2-(K10-O6)^2))/10^2 -> 59.33128 | J23: =0.785*I23 -> 46.575055 | K23: ГВ | L23: =SUM(L17:M22) -> 28 | N23: * где, а - среднее значение сторон профиля (А+В)/2 | AA23: Ось прокатки - | AB23: =Осн.таблица!C23 -> 1335 | AC23: ВВ | AD23: =F23-L23 -> 34
C24: СОГЛАСОВАНО
C25: Тех. Отдел | Y25: ______________________________
Y26: (фамилимя, подпись)
C27: ИСПОЛНИТЕЛЬ
C28: Технолог | Y28: ______________________________
Y29: (фамилимя, подпись)

Sheet 1,273 - Коэфициент
D1: Диаметр
D2: 40 | E2: 50 | F2: 60 | G2: 70 | H2: 80 | I2: 90 | J2: 100 | K2: 110 | L2: 120 | M2: 130 | N2: 140 | O2: 150 | P2: 160 | Q2: 170 | R2: 180 | S2: 190 | T2: 200 | U2: 210 | V2: 220
A3: 1.6 | B3: 4 | C3: =1.72*A$3/3.1415 -> 0.87601464 | D3: =(1.273-((1.72*A$3/3.1415)*(B3/$D$2)))*$D$2 -> 47.415941 | E3: =(1.273-((1.72*$A3/3.1415)*($B3/$E$2)))*$E$2 -> 60.145941 | F3: =(1.273-((1.72*$A3/3.1415)*($B3/$F$2)))*$F$2 -> 72.875941 | G3: =(1.273-((1.72*$A3/3.1415)*($B3/$G$2)))*$G$2 -> 85.605941 | H3: =(1.273-((1.72*$A3/3.1415)*($B3/$H$2)))*$H$2 -> 98.335941 | I3: =(1.273-((1.72*$A3/3.1415)*($B3/$I$2)))*$I$2 -> 111.06594 | J3: =(1.273-((1.72*$A3/3.1415)*($B3/$J$2)))*$J$2 -> 123.79594 | K3: =(1.273-((1.72*$A3/3.1415)*($B3/$K$2)))*$K$2 -> 136.52594 | L3: =(1.273-((1.72*$A3/3.1415)*($B3/$L$2)))*$L$2 -> 149.25594 | M3: =(1.273-((1.72*$A3/3.1415)*($B3/$M$2)))*$M$2 -> 161.98594 | N3: =(1.273-((1.72*$A3/3.1415)*($B3/$N$2)))*$N$2 -> 174.71594 | O3: =(1.273-((1.72*$A3/3.1415)*($B3/$O$2)))*$O$2 -> 187.44594 | P3: =(1.273-((1.72*$A3/3.1415)*($B3/$P$2)))*$P$2 -> 200.17594 | Q3: =(1.273-((1.72*$A3/3.1415)*($B3/$Q$2)))*$Q$2 -> 212.90594 | R3: =(1.273-((1.72*$A3/3.1415)*($B3/$R$2)))*$R$2 -> 225.63594 | S3: =(1.273-((1.72*$A3/3.1415)*($B3/$S$2)))*$S$2 -> 238.36594 | T3: =(1.273-((1.72*$A3/3.1415)*($B3/$T$2)))*$T$2 -> 251.09594 | U3: =(1.273-((1.72*$A3/3.1415)*($B3/$U$2)))*$U$2 -> 263.82594 | V3: =(1.273-((1.72*$A3/3.1415)*($B3/$V$2)))*$V$2 -> 276.55594
A4: 2 | B4: 5 | C4: =1.72*A$3/3.1415 -> 0.87601464 | D4: =(1.273-((1.72*A$4/3.1415)*(B4/$D$2)))*$D$2 -> 45.444908 | E4: =(1.273-((1.72*$A4/3.1415)*($B4/$E$2)))*$E$2 -> 58.174908 | F4: =(1.273-((1.72*$A4/3.1415)*($B4/$F$2)))*$F$2 -> 70.904908 | G4: =(1.273-((1.72*$A4/3.1415)*($B4/$G$2)))*$G$2 -> 83.634908 | H4: =(1.273-((1.72*$A4/3.1415)*($B4/$H$2)))*$H$2 -> 96.364908 | I4: =(1.273-((1.72*$A4/3.1415)*($B4/$I$2)))*$I$2 -> 109.09491 | J4: =(1.273-((1.72*$A4/3.1415)*($B4/$J$2)))*$J$2 -> 121.82491 | K4: =(1.273-((1.72*$A4/3.1415)*($B4/$K$2)))*$K$2 -> 134.55491 | L4: =(1.273-((1.72*$A4/3.1415)*($B4/$L$2)))*$L$2 -> 147.28491 | M4: =(1.273-((1.72*$A4/3.1415)*($B4/$M$2)))*$M$2 -> 160.01491 | N4: =(1.273-((1.72*$A4/3.1415)*($B4/$N$2)))*$N$2 -> 172.74491 | O4: =(1.273-((1.72*$A4/3.1415)*($B4/$O$2)))*$O$2 -> 185.47491 | P4: =(1.273-((1.72*$A4/3.1415)*($B4/$P$2)))*$P$2 -> 198.20491 | Q4: =(1.273-((1.72*$A4/3.1415)*($B4/$Q$2)))*$Q$2 -> 210.93491 | R4: =(1.273-((1.72*$A4/3.1415)*($B4/$R$2)))*$R$2 -> 223.66491 | S4: =(1.273-((1.72*$A4/3.1415)*($B4/$S$2)))*$S$2 -> 236.39491 | T4: =(1.273-((1.72*$A4/3.1415)*($B4/$T$2)))*$T$2 -> 249.12491 | U4: =(1.273-((1.72*$A4/3.1415)*($B4/$U$2)))*$U$2 -> 261.85491 | V4: =(1.273-((1.72*$A4/3.1415)*($B4/$V$2)))*$V$2 -> 274.58491
A5: 2.4 | B5: 6 | C5: =1.72*A$3/3.1415 -> 0.87601464 | D5: =(1.273-((1.72*A$5/3.1415)*(B5/$D$2)))*$D$2 -> 43.035868 | E5: =(1.273-((1.72*$A5/3.1415)*($B5/$E$2)))*$E$2 -> 55.765868 | F5: =(1.273-((1.72*$A5/3.1415)*($B5/$F$2)))*$F$2 -> 68.495868 | G5: =(1.273-((1.72*$A5/3.1415)*($B5/$G$2)))*$G$2 -> 81.225868 | H5: =(1.273-((1.72*$A5/3.1415)*($B5/$H$2)))*$H$2 -> 93.955868 | I5: =(1.273-((1.72*$A5/3.1415)*($B5/$I$2)))*$I$2 -> 106.68587 | J5: =(1.273-((1.72*$A5/3.1415)*($B5/$J$2)))*$J$2 -> 119.41587 | K5: =(1.273-((1.72*$A5/3.1415)*($B5/$K$2)))*$K$2 -> 132.14587 | L5: =(1.273-((1.72*$A5/3.1415)*($B5/$L$2)))*$L$2 -> 144.87587 | M5: =(1.273-((1.72*$A5/3.1415)*($B5/$M$2)))*$M$2 -> 157.60587 | N5: =(1.273-((1.72*$A5/3.1415)*($B5/$N$2)))*$N$2 -> 170.33587 | O5: =(1.273-((1.72*$A5/3.1415)*($B5/$O$2)))*$O$2 -> 183.06587 | P5: =(1.273-((1.72*$A5/3.1415)*($B5/$P$2)))*$P$2 -> 195.79587 | Q5: =(1.273-((1.72*$A5/3.1415)*($B5/$Q$2)))*$Q$2 -> 208.52587 | R5: =(1.273-((1.72*$A5/3.1415)*($B5/$R$2)))*$R$2 -> 221.25587 | S5: =(1.273-((1.72*$A5/3.1415)*($B5/$S$2)))*$S$2 -> 233.98587 | T5: =(1.273-((1.72*$A5/3.1415)*($B5/$T$2)))*$T$2 -> 246.71587 | U5: =(1.273-((1.72*$A5/3.1415)*($B5/$U$2)))*$U$2 -> 259.44587 | V5: =(1.273-((1.72*$A5/3.1415)*($B5/$V$2)))*$V$2 -> 272.17587
A6: 2 | B6: 7 | C6: =1.72*A$6/3.1415 -> 1.0950183 | D6: =(1.273-((1.72*A$6/3.1415)*(B6/$D$2)))*$D$2 -> 43.254872 | E6: =(1.273-((1.72*$A6/3.1415)*($B6/$E$2)))*$E$2 -> 55.984872 | F6: =(1.273-((1.72*$A6/3.1415)*($B6/$F$2)))*$F$2 -> 68.714872 | G6: =(1.273-((1.72*$A6/3.1415)*($B6/$G$2)))*$G$2 -> 81.444872 | H6: =(1.273-((1.72*$A6/3.1415)*($B6/$H$2)))*$H$2 -> 94.174872 | I6: =(1.273-((1.72*$A6/3.1415)*($B6/$I$2)))*$I$2 -> 106.90487 | J6: =(1.273-((1.72*$A6/3.1415)*($B6/$J$2)))*$J$2 -> 119.63487 | K6: =(1.273-((1.72*$A6/3.1415)*($B6/$K$2)))*$K$2 -> 132.36487 | L6: =(1.273-((1.72*$A6/3.1415)*($B6/$L$2)))*$L$2 -> 145.09487 | M6: =(1.273-((1.72*$A6/3.1415)*($B6/$M$2)))*$M$2 -> 157.82487 | N6: =(1.273-((1.72*$A6/3.1415)*($B6/$N$2)))*$N$2 -> 170.55487 | O6: =(1.273-((1.72*$A6/3.1415)*($B6/$O$2)))*$O$2 -> 183.28487 | P6: =(1.273-((1.72*$A6/3.1415)*($B6/$P$2)))*$P$2 -> 196.01487 | Q6: =(1.273-((1.72*$A6/3.1415)*($B6/$Q$2)))*$Q$2 -> 208.74487 | R6: =(1.273-((1.72*$A6/3.1415)*($B6/$R$2)))*$R$2 -> 221.47487 | S6: =(1.273-((1.72*$A6/3.1415)*($B6/$S$2)))*$S$2 -> 234.20487 | T6: =(1.273-((1.72*$A6/3.1415)*($B6/$T$2)))*$T$2 -> 246.93487 | U6: =(1.273-((1.72*$A6/3.1415)*($B6/$U$2)))*$U$2 -> 259.66487 | V6: =(1.273-((1.72*$A6/3.1415)*($B6/$V$2)))*$V$2 -> 272.39487
A7: 2.3 | B7: 8 | C7: =1.72*A$6/3.1415 -> 1.0950183 | D7: =(1.273-((1.72*A$7/3.1415)*(B7/$D$2)))*$D$2 -> 40.845832 | E7: =(1.273-((1.72*$A7/3.1415)*($B7/$E$2)))*$E$2 -> 53.575832 | F7: =(1.273-((1.72*$A7/3.1415)*($B7/$F$2)))*$F$2 -> 66.305832 | G7: =(1.273-((1.72*$A7/3.1415)*($B7/$G$2)))*$G$2 -> 79.035832 | H7: =(1.273-((1.72*$A7/3.1415)*($B7/$H$2)))*$H$2 -> 91.765832 | I7: =(1.273-((1.72*$A7/3.1415)*($B7/$I$2)))*$I$2 -> 104.49583 | J7: =(1.273-((1.72*$A7/3.1415)*($B7/$J$2)))*$J$2 -> 117.22583 | K7: =(1.273-((1.72*$A7/3.1415)*($B7/$K$2)))*$K$2 -> 129.95583 | L7: =(1.273-((1.72*$A7/3.1415)*($B7/$L$2)))*$L$2 -> 142.68583 | M7: =(1.273-((1.72*$A7/3.1415)*($B7/$M$2)))*$M$2 -> 155.41583 | N7: =(1.273-((1.72*$A7/3.1415)*($B7/$N$2)))*$N$2 -> 168.14583 | O7: =(1.273-((1.72*$A7/3.1415)*($B7/$O$2)))*$O$2 -> 180.87583 | P7: =(1.273-((1.72*$A7/3.1415)*($B7/$P$2)))*$P$2 -> 193.60583 | Q7: =(1.273-((1.72*$A7/3.1415)*($B7/$Q$2)))*$Q$2 -> 206.33583 | R7: =(1.273-((1.72*$A7/3.1415)*($B7/$R$2)))*$R$2 -> 219.06583 | S7: =(1.273-((1.72*$A7/3.1415)*($B7/$S$2)))*$S$2 -> 231.79583 | T7: =(1.273-((1.72*$A7/3.1415)*($B7/$T$2)))*$T$2 -> 244.52583 | U7: =(1.273-((1.72*$A7/3.1415)*($B7/$U$2)))*$U$2 -> 257.25583 | V7: =(1.273-((1.72*$A7/3.1415)*($B7/$V$2)))*$V$2 -> 269.98583
A8: 2.6 | B8: 9 | C8: =1.72*A$6/3.1415 -> 1.0950183 | D8: =(1.273-((1.72*A$8/3.1415)*(B8/$D$2)))*$D$2 -> 38.108286 | E8: =(1.273-((1.72*$A8/3.1415)*($B8/$E$2)))*$E$2 -> 50.838286 | F8: =(1.273-((1.72*$A8/3.1415)*($B8/$F$2)))*$F$2 -> 63.568286 | G8: =(1.273-((1.72*$A8/3.1415)*($B8/$G$2)))*$G$2 -> 76.298286 | H8: =(1.273-((1.72*$A8/3.1415)*($B8/$H$2)))*$H$2 -> 89.028286 | I8: =(1.273-((1.72*$A8/3.1415)*($B8/$I$2)))*$I$2 -> 101.75829 | J8: =(1.273-((1.72*$A8/3.1415)*($B8/$J$2)))*$J$2 -> 114.48829 | K8: =(1.273-((1.72*$A8/3.1415)*($B8/$K$2)))*$K$2 -> 127.21829 | L8: =(1.273-((1.72*$A8/3.1415)*($B8/$L$2)))*$L$2 -> 139.94829 | M8: =(1.273-((1.72*$A8/3.1415)*($B8/$M$2)))*$M$2 -> 152.67829 | N8: =(1.273-((1.72*$A8/3.1415)*($B8/$N$2)))*$N$2 -> 165.40829 | O8: =(1.273-((1.72*$A8/3.1415)*($B8/$O$2)))*$O$2 -> 178.13829 | P8: =(1.273-((1.72*$A8/3.1415)*($B8/$P$2)))*$P$2 -> 190.86829 | Q8: =(1.273-((1.72*$A8/3.1415)*($B8/$Q$2)))*$Q$2 -> 203.59829 | R8: =(1.273-((1.72*$A8/3.1415)*($B8/$R$2)))*$R$2 -> 216.32829 | S8: =(1.273-((1.72*$A8/3.1415)*($B8/$S$2)))*$S$2 -> 229.05829 | T8: =(1.273-((1.72*$A8/3.1415)*($B8/$T$2)))*$T$2 -> 241.78829 | U8: =(1.273-((1.72*$A8/3.1415)*($B8/$U$2)))*$U$2 -> 254.51829 | V8: =(1.273-((1.72*$A8/3.1415)*($B8/$V$2)))*$V$2 -> 267.24829
A9: 3 | B9: 10 | C9: =1.72*A$6/3.1415 -> 1.0950183 | D9: =(1.273-((1.72*A$9/3.1415)*(B9/$D$2)))*$D$2 -> 34.494725 | E9: =(1.273-((1.72*$A9/3.1415)*($B9/$E$2)))*$E$2 -> 47.224725 | F9: =(1.273-((1.72*$A9/3.1415)*($B9/$F$2)))*$F$2 -> 59.954725 | G9: =(1.273-((1.72*$A9/3.1415)*($B9/$G$2)))*$G$2 -> 72.684725 | H9: =(1.273-((1.72*$A9/3.1415)*($B9/$H$2)))*$H$2 -> 85.414725 | I9: =(1.273-((1.72*$A9/3.1415)*($B9/$I$2)))*$I$2 -> 98.144725 | J9: =(1.273-((1.72*$A9/3.1415)*($B9/$J$2)))*$J$2 -> 110.87473 | K9: =(1.273-((1.72*$A9/3.1415)*($B9/$K$2)))*$K$2 -> 123.60473 | L9: =(1.273-((1.72*$A9/3.1415)*($B9/$L$2)))*$L$2 -> 136.33473 | M9: =(1.273-((1.72*$A9/3.1415)*($B9/$M$2)))*$M$2 -> 149.06473 | N9: =(1.273-((1.72*$A9/3.1415)*($B9/$N$2)))*$N$2 -> 161.79473 | O9: =(1.273-((1.72*$A9/3.1415)*($B9/$O$2)))*$O$2 -> 174.52473 | P9: =(1.273-((1.72*$A9/3.1415)*($B9/$P$2)))*$P$2 -> 187.25473 | Q9: =(1.273-((1.72*$A9/3.1415)*($B9/$Q$2)))*$Q$2 -> 199.98473 | R9: =(1.273-((1.72*$A9/3.1415)*($B9/$R$2)))*$R$2 -> 212.71473 | S9: =(1.273-((1.72*$A9/3.1415)*($B9/$S$2)))*$S$2 -> 225.44473 | T9: =(1.273-((1.72*$A9/3.1415)*($B9/$T$2)))*$T$2 -> 238.17473 | U9: =(1.273-((1.72*$A9/3.1415)*($B9/$U$2)))*$U$2 -> 250.90473 | V9: =(1.273-((1.72*$A9/3.1415)*($B9/$V$2)))*$V$2 -> 263.63473
A10: 2.4 | B10: 11 | C10: =1.72*A$10/3.1415 -> 1.314022 | D10: =(1.273-((1.72*A$10/3.1415)*(B10/$D$2)))*$D$2 -> 36.465758 | E10: =(1.273-((1.72*$A10/3.1415)*($B10/$E$2)))*$E$2 -> 49.195758 | F10: =(1.273-((1.72*$A10/3.1415)*($B10/$F$2)))*$F$2 -> 61.925758 | G10: =(1.273-((1.72*$A10/3.1415)*($B10/$G$2)))*$G$2 -> 74.655758 | H10: =(1.273-((1.72*$A10/3.1415)*($B10/$H$2)))*$H$2 -> 87.385758 | I10: =(1.273-((1.72*$A10/3.1415)*($B10/$I$2)))*$I$2 -> 100.11576 | J10: =(1.273-((1.72*$A10/3.1415)*($B10/$J$2)))*$J$2 -> 112.84576 | K10: =(1.273-((1.72*$A10/3.1415)*($B10/$K$2)))*$K$2 -> 125.57576 | L10: =(1.273-((1.72*$A10/3.1415)*($B10/$L$2)))*$L$2 -> 138.30576 | M10: =(1.273-((1.72*$A10/3.1415)*($B10/$M$2)))*$M$2 -> 151.03576 | N10: =(1.273-((1.72*$A10/3.1415)*($B10/$N$2)))*$N$2 -> 163.76576 | O10: =(1.273-((1.72*$A10/3.1415)*($B10/$O$2)))*$O$2 -> 176.49576 | P10: =(1.273-((1.72*$A10/3.1415)*($B10/$P$2)))*$P$2 -> 189.22576 | Q10: =(1.273-((1.72*$A10/3.1415)*($B10/$Q$2)))*$Q$2 -> 201.95576 | R10: =(1.273-((1.72*$A10/3.1415)*($B10/$R$2)))*$R$2 -> 214.68576 | S10: =(1.273-((1.72*$A10/3.1415)*($B10/$S$2)))*$S$2 -> 227.41576 | T10: =(1.273-((1.72*$A10/3.1415)*($B10/$T$2)))*$T$2 -> 240.14576 | U10: =(1.273-((1.72*$A10/3.1415)*($B10/$U$2)))*$U$2 -> 252.87576 | V10: =(1.273-((1.72*$A10/3.1415)*($B10/$V$2)))*$V$2 -> 265.60576
A11: 2.8 | B11: 12 | C11: =1.72*A$10/3.1415 -> 1.314022 | D11: =(1.273-((1.72*A$11/3.1415)*(B11/$D$2)))*$D$2 -> 32.523693 | E11: =(1.273-((1.72*$A11/3.1415)*($B11/$E$2)))*$E$2 -> 45.253693 | F11: =(1.273-((1.72*$A11/3.1415)*($B11/$F$2)))*$F$2 -> 57.983693 | G11: =(1.273-((1.72*$A11/3.1415)*($B11/$G$2)))*$G$2 -> 70.713693 | H11: =(1.273-((1.72*$A11/3.1415)*($B11/$H$2)))*$H$2 -> 83.443693 | I11: =(1.273-((1.72*$A11/3.1415)*($B11/$I$2)))*$I$2 -> 96.173693 | J11: =(1.273-((1.72*$A11/3.1415)*($B11/$J$2)))*$J$2 -> 108.90369 | K11: =(1.273-((1.72*$A11/3.1415)*($B11/$K$2)))*$K$2 -> 121.63369 | L11: =(1.273-((1.72*$A11/3.1415)*($B11/$L$2)))*$L$2 -> 134.36369 | M11: =(1.273-((1.72*$A11/3.1415)*($B11/$M$2)))*$M$2 -> 147.09369 | N11: =(1.273-((1.72*$A11/3.1415)*($B11/$N$2)))*$N$2 -> 159.82369 | O11: =(1.273-((1.72*$A11/3.1415)*($B11/$O$2)))*$O$2 -> 172.55369 | P11: =(1.273-((1.72*$A11/3.1415)*($B11/$P$2)))*$P$2 -> 185.28369 | Q11: =(1.273-((1.72*$A11/3.1415)*($B11/$Q$2)))*$Q$2 -> 198.01369 | R11: =(1.273-((1.72*$A11/3.1415)*($B11/$R$2)))*$R$2 -> 210.74369 | S11: =(1.273-((1.72*$A11/3.1415)*($B11/$S$2)))*$S$2 -> 223.47369 | T11: =(1.273-((1.72*$A11/3.1415)*($B11/$T$2)))*$T$2 -> 236.20369 | U11: =(1.273-((1.72*$A11/3.1415)*($B11/$U$2)))*$U$2 -> 248.93369 | V11: =(1.273-((1.72*$A11/3.1415)*($B11/$V$2)))*$V$2 -> 261.66369
A12: 3.2 | B12: 13 | C12: =1.72*A$10/3.1415 -> 1.314022 | D12: =(1.273-((1.72*A$12/3.1415)*(B12/$D$2)))*$D$2 -> 28.143619 | E12: =(1.273-((1.72*$A12/3.1415)*($B12/$E$2)))*$E$2 -> 40.873619 | F12: =(1.273-((1.72*$A12/3.1415)*($B12/$F$2)))*$F$2 -> 53.603619 | G12: =(1.273-((1.72*$A12/3.1415)*($B12/$G$2)))*$G$2 -> 66.333619 | H12: =(1.273-((1.72*$A12/3.1415)*($B12/$H$2)))*$H$2 -> 79.063619 | I12: =(1.273-((1.72*$A12/3.1415)*($B12/$I$2)))*$I$2 -> 91.793619 | J12: =(1.273-((1.72*$A12/3.1415)*($B12/$J$2)))*$J$2 -> 104.52362 | K12: =(1.273-((1.72*$A12/3.1415)*($B12/$K$2)))*$K$2 -> 117.25362 | L12: =(1.273-((1.72*$A12/3.1415)*($B12/$L$2)))*$L$2 -> 129.98362 | M12: =(1.273-((1.72*$A12/3.1415)*($B12/$M$2)))*$M$2 -> 142.71362 | N12: =(1.273-((1.72*$A12/3.1415)*($B12/$N$2)))*$N$2 -> 155.44362 | O12: =(1.273-((1.72*$A12/3.1415)*($B12/$O$2)))*$O$2 -> 168.17362 | P12: =(1.273-((1.72*$A12/3.1415)*($B12/$P$2)))*$P$2 -> 180.90362 | Q12: =(1.273-((1.72*$A12/3.1415)*($B12/$Q$2)))*$Q$2 -> 193.63362 | R12: =(1.273-((1.72*$A12/3.1415)*($B12/$R$2)))*$R$2 -> 206.36362 | S12: =(1.273-((1.72*$A12/3.1415)*($B12/$S$2)))*$S$2 -> 219.09362 | T12: =(1.273-((1.72*$A12/3.1415)*($B12/$T$2)))*$T$2 -> 231.82362 | U12: =(1.273-((1.72*$A12/3.1415)*($B12/$U$2)))*$U$2 -> 244.55362 | V12: =(1.273-((1.72*$A12/3.1415)*($B12/$V$2)))*$V$2 -> 257.28362
A13: 3.6 | B13: 14 | C13: =1.72*A$10/3.1415 -> 1.314022 | D13: =(1.273-((1.72*A$13/3.1415)*(B13/$D$2)))*$D$2 -> 23.325539 | E13: =(1.273-((1.72*$A13/3.1415)*($B13/$E$2)))*$E$2 -> 36.055539 | F13: =(1.273-((1.72*$A13/3.1415)*($B13/$F$2)))*$F$2 -> 48.785539 | G13: =(1.273-((1.72*$A13/3.1415)*($B13/$G$2)))*$G$2 -> 61.515539 | H13: =(1.273-((1.72*$A13/3.1415)*($B13/$H$2)))*$H$2 -> 74.245539 | I13: =(1.273-((1.72*$A13/3.1415)*($B13/$I$2)))*$I$2 -> 86.975539 | J13: =(1.273-((1.72*$A13/3.1415)*($B13/$J$2)))*$J$2 -> 99.705539 | K13: =(1.273-((1.72*$A13/3.1415)*($B13/$K$2)))*$K$2 -> 112.43554 | L13: =(1.273-((1.72*$A13/3.1415)*($B13/$L$2)))*$L$2 -> 125.16554 | M13: =(1.273-((1.72*$A13/3.1415)*($B13/$M$2)))*$M$2 -> 137.89554 | N13: =(1.273-((1.72*$A13/3.1415)*($B13/$N$2)))*$N$2 -> 150.62554 | O13: =(1.273-((1.72*$A13/3.1415)*($B13/$O$2)))*$O$2 -> 163.35554 | P13: =(1.273-((1.72*$A13/3.1415)*($B13/$P$2)))*$P$2 -> 176.08554 | Q13: =(1.273-((1.72*$A13/3.1415)*($B13/$Q$2)))*$Q$2 -> 188.81554 | R13: =(1.273-((1.72*$A13/3.1415)*($B13/$R$2)))*$R$2 -> 201.54554 | S13: =(1.273-((1.72*$A13/3.1415)*($B13/$S$2)))*$S$2 -> 214.27554 | T13: =(1.273-((1.72*$A13/3.1415)*($B13/$T$2)))*$T$2 -> 227.00554 | U13: =(1.273-((1.72*$A13/3.1415)*($B13/$U$2)))*$U$2 -> 239.73554 | V13: =(1.273-((1.72*$A13/3.1415)*($B13/$V$2)))*$V$2 -> 252.46554
D14: Коффициент
D15: 40 | E15: 50 | F15: 60 | G15: 70 | H15: 80 | I15: 90 | J15: 100 | K15: 110 | L15: 120 | M15: 130 | N15: 140 | O15: 150 | P15: 160 | Q15: 170 | R15: 180 | S15: 190 | T15: 200 | U15: 210 | V15: 220
A16: 1.6 | B16: 4 | C16: =1.72*A$3/3.1415 -> 0.87601464 | D16: =1.273-1.095*($B16/D$15) -> 1.1635 | E16: =1.273-1.095*($B16/E$15) -> 1.1854 | F16: =1.273-1.095*$B16/F$15 -> 1.2 | G16: =1.273-1.095*$B16/G$15 -> 1.2104286 | H16: =1.273-1.095*$B16/H$15 -> 1.21825 | I16: =1.273-1.095*$B16/I$15 -> 1.2243333 | J16: =1.273-1.095*$B16/J$15 -> 1.2292 | K16: =1.273-1.095*$B16/K$15 -> 1.2331818 | L16: =1.273-1.095*$B16/L$15 -> 1.2365 | M16: =1.273-1.095*$B16/M$15 -> 1.2393077 | ... V16: =1.273-1.095*$B16/V$15 -> 1.2530909
A17: 2 | B17: 5 | C17: =1.72*A$3/3.1415 -> 0.87601464 | D17: =1.273-1.095*$B17/D$15 -> 1.136125 | E17: =1.273-1.095*$B17/E$15 -> 1.1635 | F17: =1.273-1.095*$B17/F$15 -> 1.18175 | G17: =1.273-1.095*$B17/G$15 -> 1.1947857 | H17: =1.273-1.095*$B17/H$15 -> 1.2045625 | I17: =1.273-1.095*$B17/I$15 -> 1.2121667 | J17: =1.273-1.095*$B17/J$15 -> 1.21825 | K17: =1.273-1.095*$B17/K$15 -> 1.2232273 | ... V17: =1.273-1.095*$B17/V$15 -> 1.2481136
A18: 2.4 | B18: 6 | C18: =1.72*A$3/3.1415 -> 0.87601464 | D18: =1.273-1.095*$B18/D$15 -> 1.10875 | E18: =1.273-1.095*$B18/E$15 -> 1.1416 | F18: =1.273-1.095*$B18/F$15 -> 1.1635 | G18: =1.273-1.095*$B18/G$15 -> 1.1791429 | H18: =1.273-1.095*$B18/H$15 -> 1.190875 | I18: =1.273-1.095*$B18/I$15 -> 1.2 | J18: =1.273-1.095*$B18/J$15 -> 1.2073 | K18: =1.273-1.095*$B18/K$15 -> 1.2132727 | ... V18: =1.273-1.095*$B18/V$15 -> 1.2431364
A19: 2 | B19: 7 | C19: =1.72*A$6/3.1415 -> 1.0950183 | D19: =1.273-1.095*$B19/D$15 -> 1.081375 | E19: =1.273-1.095*$B19/E$15 -> 1.1197 | F19: =1.273-1.095*$B19/F$15 -> 1.14525 | G19: =1.273-1.095*$B19/G$15 -> 1.1635 | H19: =1.273-1.095*$B19/H$15 -> 1.1771875 | I19: =1.273-1.095*$B19/I$15 -> 1.1878333 | J19: =1.273-1.095*$B19/J$15 -> 1.19635 | K19: =1.273-1.095*$B19/K$15 -> 1.2033182 | ... V19: =1.273-1.095*$B19/V$15 -> 1.2381591
A20: 2.3 | B20: 8 | C20: =1.72*A$6/3.1415 -> 1.0950183 | D20: =1.273-1.095*$B20/D$15 -> 1.054 | E20: =1.273-1.095*$B20/E$15 -> 1.0978 | F20: =1.273-1.095*$B20/F$15 -> 1.127 | G20: =1.273-1.095*$B20/G$15 -> 1.1478571 | H20: =1.273-1.095*$B20/H$15 -> 1.1635 | I20: =1.273-1.095*$B20/I$15 -> 1.1756667 | J20: =1.273-1.095*$B20/J$15 -> 1.1854 | K20: =1.273-1.095*$B20/K$15 -> 1.1933636 | ... V20: =1.273-1.095*$B20/V$15 -> 1.2331818
A21: 2.6 | B21: 9 | C21: =1.72*A$6/3.1415 -> 1.0950183 | D21: =1.273-1.095*$B21/D$15 -> 1.026625 | E21: =1.273-1.095*$B21/E$15 -> 1.0759 | F21: =1.273-1.095*$B21/F$15 -> 1.10875 | G21: =1.273-1.095*$B21/G$15 -> 1.1322143 | H21: =1.273-1.095*$B21/H$15 -> 1.1498125 | I21: =1.273-1.095*$B21/I$15 -> 1.1635 | J21: =1.273-1.095*$B21/J$15 -> 1.17445 | K21: =1.273-1.095*$B21/K$15 -> 1.1834091 | ... V21: =1.273-1.095*$B21/V$15 -> 1.2282045
A22: 3 | B22: 10 | C22: =1.72*A$6/3.1415 -> 1.0950183 | D22: =1.273-1.095*$B22/D$15 -> 0.99925 | E22: =1.273-1.095*$B22/E$15 -> 1.054 | F22: =1.273-1.095*$B22/F$15 -> 1.0905 | G22: =1.273-1.095*$B22/G$15 -> 1.1165714 | H22: =1.273-1.095*$B22/H$15 -> 1.136125 | I22: =1.273-1.095*$B22/I$15 -> 1.1513333 | J22: =1.273-1.095*$B22/J$15 -> 1.1635 | K22: =1.273-1.095*$B22/K$15 -> 1.1734545 | ... V22: =1.273-1.095*$B22/V$15 -> 1.2232273
A23: 2.4 | B23: 11 | C23: =1.72*A$10/3.1415 -> 1.314022 | D23: =1.273-1.095*$B23/D$15 -> 0.971875 | E23: =1.273-1.095*$B23/E$15 -> 1.0321 | F23: =1.273-1.095*$B23/F$15 -> 1.07225 | G23: =1.273-1.095*$B23/G$15 -> 1.1009286 | H23: =1.273-1.095*$B23/H$15 -> 1.1224375 | I23: =1.273-1.095*$B23/I$15 -> 1.1391667 | J23: =1.273-1.095*$B23/J$15 -> 1.15255 | K23: =1.273-1.095*$B23/K$15 -> 1.1635 | ... V23: =1.273-1.095*$B23/V$15 -> 1.21825
A24: 2.8 | B24: 12 | C24: =1.72*A$10/3.1415 -> 1.314022 | D24: =1.273-1.095*$B24/D$15 -> 0.9445 | E24: =1.273-1.095*$B24/E$15 -> 1.0102 | F24: =1.273-1.095*$B24/F$15 -> 1.054 | G24: =1.273-1.095*$B24/G$15 -> 1.0852857 | H24: =1.273-1.095*$B24/H$15 -> 1.10875 | I24: =1.273-1.095*$B24/I$15 -> 1.127 | J24: =1.273-1.095*$B24/J$15 -> 1.1416 | K24: =1.273-1.095*$B24/K$15 -> 1.1535455 | ... V24: =1.273-1.095*$B24/V$15 -> 1.2132727
A25: 3.2 | B25: 13 | C25: =1.72*A$10/3.1415 -> 1.314022 | D25: =1.273-1.095*$B25/D$15 -> 0.917125 | E25: =1.273-1.095*$B25/E$15 -> 0.9883 | F25: =1.273-1.095*$B25/F$15 -> 1.03575 | G25: =1.273-1.095*$B25/G$15 -> 1.0696429 | H25: =1.273-1.095*$B25/H$15 -> 1.0950625 | I25: =1.273-1.095*$B25/I$15 -> 1.1148333 | J25: =1.273-1.095*$B25/J$15 -> 1.13065 | K25: =1.273-1.095*$B25/K$15 -> 1.1435909 | ... V25: =1.273-1.095*$B25/V$15 -> 1.2082955
A26: 3.6 | B26: 14 | C26: =1.72*A$10/3.1415 -> 1.314022 | D26: =1.273-1.095*$B26/D$15 -> 0.88975 | E26: =1.273-1.095*$B26/E$15 -> 0.9664 | F26: =1.273-1.095*$B26/F$15 -> 1.0175 | G26: =1.273-1.095*$B26/G$15 -> 1.054 | H26: =1.273-1.095*$B26/H$15 -> 1.081375 | I26: =1.273-1.095*$B26/I$15 -> 1.1026667 | J26: =1.273-1.095*$B26/J$15 -> 1.1197 | K26: =1.273-1.095*$B26/K$15 -> 1.1336364 | ... V26: =1.273-1.095*$B26/V$15 -> 1.2033182

Sheet Коэф
C1: =C5*I1 -> 12.8 | D1: =D5*I1 -> 19.2 | G1: ='Карта настройки'!X6 -> 245.77055 | H1: =PI()*G1 -> 772.11094 | I1: ='Карта настройки'!O6 -> 8 | J1: =H1/H2 -> 1.1988807
C2: =C10*I1 -> 16 | D2: =D10*I1 -> 24 | G2: =('Карта настройки'!K6+'Карта настройки'!M6)/2 -> 205 | H2: =G2*PI() -> 644.02649
C3: =C15*I1 -> 19.2 | D3: =D15*I1 -> 28.8 | G3: =((4*G2)-1.72*D10*'Карта настройки'!O6)/(3.1415*G2) -> 1.2091785 | H3: =(((4*G2)-1.72*C10*'Карта настройки'!O6)/(3.1415*G2))+I19 -> 1.2551209
B4: Толщина стенки | C4: мин | D4: макс | F4: мин | G4: мах
B5: 6 | C5: 1.6 | D5: 2.4 | F5: =IF('Карта настройки'!$O$6<=Коэф!$B$5,C9,IF('Карта настройки'!$O$6<=Коэф!$B$10,C14,C19)) -> 1.2459024 | G5: =IF('Карта настройки'!$O$6<=Коэф!$B$5,D9,IF('Карта настройки'!$O$6<=Коэф!$B$10,D14,D19)) -> 1.2198508
C6: =(2.35-0.007*(ATAN(0.5*(1/($I$1*(1/C1-1/Осн.таблица!$C$9))))*180/3.1415))*C1/1.72 -> 15.322656 | D6: =(2.35-0.007*(ATAN(0.5*(1/($I$1*(1/D1-1/Осн.таблица!$C$9))))*180/3.1415))*D1/1.72 -> 21.966237 | F6: =F5*L6/100 -> 1.2459024 | G6: Периметр проф т | I6: =Осн.таблица!I26 -> 762.15115 | J6: =Осн.таблица!I25 -> 9.9597894 | K6: =I6+J6 -> 772.11094 | L6: =100-K22 -> 100
C7: =(3*$I$1)*(SQRT(((1/(C5*$I$1))-(1/($G$1/2)))*$I$1)) -> 17.95833 | D7: =(3*$I$1)*(SQRT(((1/(D5*$I$1))-(1/($G$1/2)))*$I$1)) -> 14.230306
C8: =((SQRT((1/C6-1/Осн.таблица!$C$9)*$I$1)*$I$1*3)+(2*($G$2+$G$2)-C6*1.72)) -> 809.93686 | D8: =((SQRT((1/D6-1/Осн.таблица!$C$9)*$I$1)*$I$1*3)+(2*($G$2+$G$2)-D6*1.72)) -> 795.42675 | I8: =I6/H2 -> 1.1834158
C9: =C8/H2 -> 1.2576142 | D9: =D8/H2 -> 1.2350839
B10: 10 | C10: 2 | D10: 3 | F10: =F5+F6 -> 2.4918049 | J10: =J6/(3.1415*G2) -> 0.015465331
C11: =(2.35-0.007*(ATAN(0.5*(1/($I$1*(1/C2-1/Осн.таблица!$C$9))))*180/3.1415))*C2/1.72 -> 18.686856 | D11: =(2.35-0.007*(ATAN(0.5*(1/($I$1*(1/D2-1/Осн.таблица!$C$9))))*180/3.1415))*D2/1.72 -> 26.788365 | F11: =F5+J10 -> 1.2613678 | I11: =4*G2-3.44*'Карта настройки'!O6 -> 792.48
C12: =(3*$I$1)*(SQRT(((1/(C10*$I$1))-(1/($G$1/2)))*$I$1)) -> 15.827243 | D12: =(3*$I$1)*(SQRT(((1/(D10*$I$1))-(1/($G$1/2)))*$I$1)) -> 12.429868
C13: =((SQRT((1/C11-1/Осн.таблица!$C$9)*$I$1)*$I$1*3)+(2*($G$2+$G$2)-C11*1.72)) -> 802.39419 | D13: =((SQRT((1/D11-1/Осн.таблица!$C$9)*$I$1)*$I$1*3)+(2*($G$2+$G$2)-D11*1.72)) -> 785.61621
C14: =C13/H2 -> 1.2459024 | D14: =D13/H2 -> 1.2198508
B15: 10 | C15: 2.4 | D15: 3.6 | I15: =(4*G2-1.72*(C10*I1))/(3.1415*G2)+I19 -> 1.2551209
C16: =(2.35-0.007*(ATAN(0.5*(1/($I$1*(1/C3-1/Осн.таблица!$C$9))))*180/3.1415))*C3/1.72 -> 21.966237 | D16: =(2.35-0.007*(ATAN(0.5*(1/($I$1*(1/D3-1/Осн.таблица!$C$9))))*180/3.1415))*D3/1.72 -> 31.543722 | G16: =1.273-1.095*('Карта настройки'!O6/Коэф!G2) -> 1.2302683
C17: =(3*$I$1)*(SQRT(((1/(C15*$I$1))-(1/($G$1/2)))*$I$1)) -> 14.230306 | D17: =(3*$I$1)*(SQRT(((1/(D15*$I$1))-(1/($G$1/2)))*$I$1)) -> 11.068045
C18: =((SQRT((1/C16-1/Осн.таблица!$C$9)*$I$1)*$I$1*3)+(2*($G$2+$G$2)-C16*1.72)) -> 795.42675 | D18: =((SQRT((1/D16-1/Осн.таблица!$C$9)*$I$1)*$I$1*3)+(2*($G$2+$G$2)-D16*1.72)) -> 776.2698
C19: =C18/H2 -> 1.2350839 | D19: =D18/H2 -> 1.2053383 | I19: =((3*I1)*(SQRT(((1/(C10*I1))-(1/(G1/2)))*I1))-I22)/(3.1415*G2) -> 0.024576177 | K19: =I6*100/I11 -> 96.17292
K22: =K1*100/J1 -> 0
E24: =(3*I1)*(SQRT(((1/(C10*I1))-(1/(G1/2)))*I1)) -> 15.827243 | G24: =(Осн.таблица!I26+Коэф!E24)/Коэф!H2 -> 1.2079913
E25: =(3*I1)*(SQRT(((1/(D10*I1))-(1/(G1/2)))*I1)) -> 12.429868 | G25: =(Осн.таблица!I26+Коэф!E25)/Коэф!H2 -> 1.2027161
F37: Толщина стенки | G37: мин | H37: макс
F38: <= 6 | G38: 1.6 | H38: 2.4
F39: c 6 до 10 включительно | G39: 2 | H39: 3
F40: больше > 10 | G40: 2.4 | H40: 3.6

Sheet Осн.таблица
A1: Маршрут проката профильной трубы | E1: ='Карта настройки'!N18 -> -6 | G1: ='Карта настройки'!N20 -> -6 | I1: ='Карта настройки'!N22 -> 0 | J1: =NOW() -> 46288.744
A2: ='Карта настройки'!K6 -> 250 | B2: АхВ | C2: Дз | D2: Кл.1 | E2: Кл.2 | F2: Кл.3 | G2: Кл.4 | H2: Кл.5 | I2: Кл.6 | J2: дД
A3: =C3/A7 -> 1.1988807 | B3: ΔДв | C3: =IF('Карта настройки'!X8=0,((SQRT((1/C7-1/C9)*A19)*A19*3)+(2*(A5+A6)-C7*1.72))/3.1415,'Карта настройки'!X8) -> 245.77055 | D3: ='Карта настройки'!L17 -> 5 | E3: =IF(D5-D3-(E8-D8)>=C3,C3-(D5-D3-(E8-D8)),E8-D8+E1) -> 13 | F3: ='Карта настройки'!L19 -> 2 | G3: =G8-F8+G1 -> 6 | H3: ='Карта настройки'!L21 -> 1 | I3: =I8-H8+I1 -> 2 | J3: =C3-I5 -> 29
B4: Нщ | C4: =C3*PI() -> 772.11094 | D4: =D5-D7 -> 164.37734 | E4: =E5-E7 -> 193.45597 | F4: =F5-F7 -> 208.9865 | G4: =G5-G7 -> 213.09646 | H4: =H5-H7 -> 215.91282 | I4: =I5-I7 -> 216.75055
A5: ='Карта настройки'!K6 -> 250 | B5: Аширина | D5: =IF(D3<=0,C3,C3-D3) -> 240.77055 | E5: =IF(E3<=0,C3,D5-E3) -> 227.77055 | F5: =IF(E3<=0,C3-F3,E5-F3) -> 225.77055 | G5: =F5-G3 -> 219.77055 | H5: =G5-H3 -> 218.77055 | I5: =H5-I3 -> 216.77055 | J5: =C3-J3 -> 216.77055
A6: ='Карта настройки'!M6 -> 160 | B6: Рг | C6: =IF('Карта настройки'!X8=0,'Карта настройки'!K10,'Карта настройки'!K12) -> 31 | D6: ='Карта настройки'!J17 -> 300 | E6: ='Карта настройки'!J18 -> 600 | F6: ='Карта настройки'!J19 -> 1200 | G6: ='Карта настройки'!J20 -> 3000 | H6: ='Карта настройки'!J21 -> 7000 | I6: 1000000
A7: =(A5+A6)/2 -> 205 | B7: 2Нг | C7: =IF('Карта настройки'!X8=0,(2.35-0.007*(ATAN(0.5*(1/(A19*(1/C6-1/C9))))*180/3.1415))*C6/1.72,'Карта настройки'!K12) -> 33.709888 | D7: =D6-SQRT(D6^2-(($D$10^2)/4)) -> 76.393202 | E7: =E6-SQRT(E6^2-($E$10^2/4)) -> 34.314575 | F7: =F6-SQRT(F6^2-($F$10^2/4)) -> 16.784043 | G7: =G6-SQRT(G6^2-($G$10^2/4)) -> 6.6740906 | H7: =H6-SQRT(H6^2-($H$10^2/4)) -> 2.8577262 | I7: =I6-SQRT(I6^2-($I$10^2/4)) -> 0.02
B8: Дг.мин | C8: =I21 -> 33.709888 | D8: ='Карта настройки'!I17 -> 529 | E8: ='Карта настройки'!I18 -> 548 | F8: ='Карта настройки'!I19 -> 565 | G8: ='Карта настройки'!I20 -> 577 | H8: ='Карта настройки'!I21 -> 587 | I8: ='Карта настройки'!I22 -> 589
A9: ='Карта настройки'!T18 -> 220 | B9: Дг.макс | C9: =(A5+A6)/3.1415 -> 130.5109 | D9: =D8+D7*2 -> 681.7864 | E9: =E8+E7*2 -> 616.62915 | F9: =F8+F7*2 -> 598.56809 | G9: =G8+G7*2 -> 590.34818 | H9: =H8+H7*2 -> 592.71545 | I9: =I8+I7*2 -> 589.04 | J9: =ATAN(0.5*(1/(H21*(1/J8-1/J11))))*(180/3.1415) -> #DIV/0!
A10: ='Карта настройки'!T20 -> 220 | B10: Вг.вал | C10: =(C3-A19)*3.14159 -> 746.97757 | D10: ='Карта настройки'!G17 -> 400 | E10: ='Карта настройки'!G18 -> 400 | F10: ='Карта настройки'!G19 -> 400 | G10: ='Карта настройки'!G20 -> 400 | H10: ='Карта настройки'!G21 -> 400 | I10: ='Карта настройки'!G22 -> 400
A11: ='Карта настройки'!T22 -> 220 | B11: Пос-ная | D11: =$C$23-(774+20+250+D12/2) -> 141 | E11: =$C$23-(774+20+250+E12/2) -> 141 | F11: =$C$23-(774+20+250+F12/2) -> 141 | G11: =$C$23-(774+20+250+G12/2) -> 141 | H11: =$C$23-(774+20+250+H12/2) -> 141 | I11: =$C$23-(774+20+250+I12/2) -> 141
A12: Шир.В.валка | B12: Кас+Рама | D12: =A9+80 -> 300 | E12: =A9+80 -> 300 | F12: =A10+80 -> 300 | G12: =A10+80 -> 300 | H12: =A11+80 -> 300 | I12: =A11+80 -> 300
A13: ='Карта настройки'!X17 -> 105 | B13: Моа | C13: =C6/A19 -> 3.875 | D13: =D5+D8 -> 769.77055 | E13: =E5+E8 -> 775.77055 | F13: =F5+F8 -> 790.77055 | G13: =G5+G8 -> 796.77055 | H13: =H5+H8 -> 805.77055 | I13: =I5+I8 -> 805.77055
A14: ='Карта настройки'!X18 -> 115 | B14: ΔДа | C14: =C7/A19 -> 4.213736 | D14: ='Карта настройки'!AD17 -> -5 | E14: ='Карта настройки'!AD18 -> 7 | F14: ='Карта настройки'!AD19 -> 9 | G14: ='Карта настройки'!AD20 -> 8 | H14: ='Карта настройки'!AD21 -> 7 | I14: ='Карта настройки'!AD22 -> 3 | J14: =C3-I15 -> 29
A15: ='Карта настройки'!X19 -> 125 | B15: Ввысота | C15: =C8/A19 -> 4.213736 | D15: =IF(D3<=0,C3,C3-(D14)) -> 250.77055 | E15: =IF(E3<=0,C3,D15-E14) -> 243.77055 | F15: =IF(F3<=0,$C$3,IF(E3<=0,(C3-F5)+E15,E15-F14)) -> 234.77055 | G15: =F15-G14 -> 226.77055 | H15: =G15-H14 -> 219.77055 | I15: =H15-I14 -> 216.77055 | J15: =I15 -> 216.77055
A16: ='Карта настройки'!X20 -> 125 | B16: Рв | D16: ='Карта настройки'!Y17 -> 300 | E16: ='Карта настройки'!Y18 -> 600 | F16: ='Карта настройки'!Y19 -> 600 | G16: ='Карта настройки'!Y20 -> 1500 | H16: ='Карта настройки'!Y21 -> 1500 | I16: 1000000
A17: ='Карта настройки'!X21 -> 135 | B17: 2Нв | C17: ='Карта настройки'!X10 -> 5 | D17: =(D16-SQRT(D16^2-(A13^2)/4))*2 -> 9.25894 | E17: =(E16-SQRT(E16^2-(A14^2)/4))*2 -> 5.5231271 | F17: =(F16-SQRT(F16^2-(A15^2)/4))*2 -> 6.5281738 | G17: =(G16-SQRT(G16^2-(A16^2)/4))*2 -> 2.6052979 | H17: =(H16-SQRT(H16^2-(A17^2)/4))*2 -> 3.0390393 | I17: =(I16-SQRT(I16^2-(A18^2)/4))*2 -> 0.00525625
A18: ='Карта настройки'!X22 -> 145 | B18: Дв.мин | C18: =POWER((C3-A19)/(2*C7-A19),1/C17) -> 1.3196094 | D18: ='Карта настройки'!U17 -> 410 | E18: ='Карта настройки'!U18 -> 410 | F18: ='Карта настройки'!U19 -> 410 | G18: ='Карта настройки'!U20 -> 410 | H18: ='Карта настройки'!U21 -> 410 | I18: ='Карта настройки'!U22 -> 455
A19: ='Карта настройки'!O6 -> 8 | B19: Дв.макс | C19: =C3/2 -> 122.88527 | D19: =D17*2+D18 -> 428.51788 | E19: =E18+E17*2 -> 421.04625 | F19: =F18+F17*2 -> 423.05635 | G19: =G18+G17*2 -> 415.2106 | H19: =H18+H17*2 -> 416.07808 | I19: =I18+I17*2 -> 455.01051
A20: 200 | B20: Мов | C20: =(C3-A19)/2 -> 118.88527 | D20: =D18+D15 -> 660.77055 | E20: =E18+E15 -> 653.77055 | F20: =F18+F15 -> 644.77055 | G20: =G18+G15 -> 636.77055 | H20: =H18+H15 -> 629.77055 | I20: =I18+I15 -> 671.77055
A21: Дл. Шпин | B21: Rн | D21: =IF(D3<=0,C19,C19-D3/2) -> 120.38527 | E21: =($C$20/$C$18)+($A$19/2) -> 94.091258 | F21: =IF(F3<=0,C19,IF(E3<=0,C19-F3/2,(E21-$A$19/2)/$C$18+$A$19/2)) -> 72.271154 | G21: =((F21-$A$19/2)/$C$18)+$A$19/2 -> 55.735879 | H21: =(G21-A19/2)/C18+A19/2 -> 43.205449 | I21: =(H21-A19/2)/C18+A19/2 -> 33.709888
A22: 1650 | B22: Меж.ос.раст | C22: 1250 | D22: =D13 -> 769.77055 | E22: =E8+E5 -> 775.77055 | F22: =F8+F5 -> 790.77055 | G22: =G8+G5 -> 796.77055 | H22: =H8+H5 -> 805.77055 | I22: =I8+I5 -> 805.77055
A23: ШестКлеть | B23: Угол в | C23: =C22+5+(A6/2) -> 1335 | E23: =DEGREES(ASIN(((($C$23+E22/2)-(1235+$A$24))/$A$22))) -> 4.7936172 | F23: =DEGREES(ASIN(((($C$23+F22/2)-(1235+$A$24))/$A$22))) -> 5.0550176 | G23: =DEGREES(ASIN(((($C$23+G22/2)-(1235+$A$24))/$A$22))) -> 5.159607 | H23: =DEGREES(ASIN(((($C$23+H22/2)-(1235+$A$24))/$A$22))) -> 5.3165236 | I23: =DEGREES(ASIN(((($C$23+I22/2)-(1235+$A$24))/$A$22))) -> 5.3165236
A24: 350 | B24: Угол н | E24: =DEGREES(ASIN((1235-($C$23-E22/2))/$A$22)) -> 10.048162 | F24: =DEGREES(ASIN((1235-($C$23-F22/2))/$A$22)) -> 10.312763 | G24: =DEGREES(ASIN((1235-($C$23-G22/2))/$A$22)) -> 10.418666 | H24: =DEGREES(ASIN((1235-($C$23-H22/2))/$A$22)) -> 10.577587 | I24: =DEGREES(ASIN((1235-($C$23-I22/2))/$A$22)) -> 10.577587
A25: А/В | B25: дП | D25: =(3*$A$19)*(SQRT(((1/D21)-(1/($C$3/2)))*$A$19)) -> 0.88244905 | E25: =(3*$A$19)*(SQRT(((1/E21)-(1/($C$3/2)))*$A$19)) -> 3.3875272 | F25: =(3*$A$19)*(SQRT(((1/F21)-(1/($C$3/2)))*$A$19)) -> 5.1245963 | G25: =(3*$A$19)*(SQRT(((1/G21)-(1/($C$3/2)))*$A$19)) -> 6.721403 | H25: =(3*$A$19)*(SQRT(((1/H21)-(1/($C$3/2)))*$A$19)) -> 8.315938 | I25: =(3*$A$19)*(SQRT(((1/I21)-(1/($C$3/2)))*$A$19)) -> 9.9597894
A26: =E15/E4 -> 1.2600828 | B26: П | D26: =$C$3*PI()-D25 -> 771.2285 | E26: =$C$3*PI()-E25 -> 768.72342 | F26: =$C$3*PI()-F25 -> 766.98635 | G26: =$C$3*PI()-G25 -> 765.38954 | H26: =$C$3*PI()-H25 -> 763.79501 | I26: =$C$3*PI()-I25 -> 762.15115
A27: =F15/F5 -> 1.0398635 | B27: ПR | D27: =(2*D21*PI())/2 -> 378.20149 | E27: =(2*E21*PI())/4 -> 147.7982 | F27: =(2*F21*PI())/4 -> 113.52326 | G27: =(2*G21*PI())/4 -> 87.549715 | H27: =(2*H21*PI())/4 -> 67.86696 | I27: =(2*I21*PI())/4 -> 52.951369
A28: =G15/G5 -> 1.0318514 | B28: ПдР | D28: =((D26-D27)/(D15/D5))/2 -> 188.67712 | E28: =((E26-E27)/A26)/2 -> 246.3827 | F28: =((F26-F27)/A27)/2 -> 314.20619 | G28: =((G26-G27)/A28)/2 -> 328.45806 | H28: =((H26-H27)/A29)/2 -> 346.38072 | I28: =((I26-I27)/A30)/2 -> 354.59989 | J28: =I28+I21*2 -> 422.01967
A29: =H15/H5 -> 1.004571 | B29: Дк | D29: =D8+D3/2 -> 531.5 | E29: =((E6-SQRT(E6^2-(E28^2/4)))+E8)-(0.75*(((E6-SQRT(E6^2-(E28^2/4)))+E8)-E8)) -> 551.19573 | F29: =((F6-SQRT(F6^2-(F28^2/4)))+F8)-(0.75*(((F6-SQRT(F6^2-(F28^2/4)))+F8)-F8)) -> 567.58209 | G29: =((G6-SQRT(G6^2-(G28^2/4)))+G8)-(0.75*(((G6-SQRT(G6^2-(G28^2/4)))+G8)-G8)) -> 578.12464 | H29: =((H6-SQRT(H6^2-(H28^2/4)))+H8)-(0.75*(((H6-SQRT(H6^2-(H28^2/4)))+H8)-H8)) -> 587.53571 | I29: =((I6-SQRT(I6^2-(I28^2/4)))+I8)-(0.75*(((I6-SQRT(I6^2-(I28^2/4)))+I8)-I8)) -> 589.00393
A30: =I15/I5 -> 1 | B30: Кс | D30: 1 | E30: =1/((E29/$D$29)*(1+0.022*((2-1)/6))) -> 0.96074453 | F30: =1/((F29/$D$29)*(1+0.022*((2-1)/6))) -> 0.93300739 | G30: =1/((G29/$D$29)*(1+0.022*((2-1)/6)))*0.847 -> 0.77584631 | H30: =1/((H29/$D$29)*(1+0.022*((2-1)/6))) -> 0.90132103 | I30: =1/((I29/$D$29)*(1+0.022*((2-1)/6))) -> 0.89907428
B31: Тк | D31: =IF(D3<=0,0.5*(D8+(D5-D3)-(D12+2*135)),0.5*(D8+D5-(D12+2*135))) -> 99.885273 | E31: =IF(E3<=0,0.5*(E8+(E5-E3)-(E12+2*135)),0.5*(E8+E5-(E12+2*135))) -> 102.88527 | F31: =0.5*(F8+F5-(F12+2*135)) -> 110.38527 | G31: =0.5*(G8+G5-(G12+2*135)) -> 113.38527 | H31: =0.5*(H8+H5-(H12+2*135)) -> 117.88527 | I31: =0.5*(I8+I5-(I12+2*135)) -> 117.88527
B32: База | D32: =D11-D31 -> 41.114727 | E32: =E11-E31 -> 38.114727 | F32: =F11-F31 -> 30.614727 | G32: =G11-G31 -> 27.614727 | H32: =H11-H31 -> 23.114727 | I32: =I11-I31 -> 23.114727 | J32: 700
B33: H | D33: =(($D$12-80)-(60+A13))/2 -> 27.5 | E33: =((E12-80)-(60+A14))/2 -> 22.5 | F33: =((F12-80)-(60+A15))/2 -> 17.5 | G33: =((G12-80)-(60+A16))/2 -> 17.5 | H33: =((H12-80)-(60+A17))/2 -> 12.5 | I33: =((I12-80)-(60+A18))/2 -> 7.5 | J33: =((I8/1000)*PI()*J32) -> 1295.2787
B34: Lд | D34: =IF(D3<=0,0,SQRT((D29/2)*D3)) -> 36.452023 | E34: =IF(E3<=0,0,SQRT((E29/2)*E3)) -> 59.856263 | F34: =SQRT((F29/2)*F3) -> 23.823981 | G34: =SQRT((G29/2)*G3) -> 41.645815 | H34: =SQRT((H29/2)*H3) -> 17.139657 | I34: =SQRT((I29/2)*I3) -> 24.269403
B35: σв | C35: 40 | D35: =IF(D34=0,C35,(((D3*100/$J$3)*($J$35-$C$35))/100)+C35) -> 42.586207 | E35: =IF(E34=0,C35,(((E3*100/$J$3)*($J$35-$C$35))/100)+D35) -> 49.310345 | F35: =IF(F34=0,C35,(((F3*100/$J$3)*($J$35-$C$35))/100)+E35) -> 50.344828 | G35: =(((G3*100/$J$3)*($J$35-$C$35))/100)+F35 -> 53.448276 | H35: =(((H3*100/$J$3)*($J$35-$C$35))/100)+G35 -> 53.965517 | I35: =(((I3*100/$J$3)*($J$35-$C$35))/100)+H35 -> 55 | J35: 55
B36: Рпр | D36: =((2*D35*$A$19*D34)*0.8)/1000 -> 19.870124 | E36: =((2*E35*$A$19*E34)*0.8)/1000 -> 37.779622 | F36: =((2*F35*$A$19*F34)*0.8)/1000 -> 15.352502 | G36: =((2*G35*$A$19*G34)*0.8)/1000 -> 28.491482 | H36: =((2*H35*$A$19*H34)*0.8)/1000 -> 11.839366 | I36: =((2*I35*$A$19*I34)*0.8)/1000 -> 17.08566
B37: Мпр | D37: =IF(D3<=0,0,(3.615*D35*D29*$A$19^2*LOG10((C3/2)/D21))/1000) -> 46.745583 | E37: =IF(E3<=0,0,IF(D3<=0,(3.615*D35*D29*$A$19^2*LOG10((B3/2)/E21))/1000,(0.5*E35*E29*(7.23*$A$19^2*LOG10(D21/E21)+$A$19*(D26-E26)))/1000)) -> 945.34648 | F37: =IF(F3<=0,0,IF(E3<=0,(3.615*E35*E29*$A$19^2*LOG10((C3/2)/F21))/1000,(0.5*F35*F29*(7.23*$A$19^2*LOG10(E21/F21)+$A$19*(E26-F26)))/1000)) -> 956.07061 | G37: =IF(G3<=0,0,IF(F3<=0,(3.615*F35*F29*$A$19^2*LOG10((D3/2)/G21))/1000,(0.5*G35*G29*(7.23*$A$19^2*LOG10(F21/G21)+$A$19*(F26-G26)))/1000)) -> 1003.983 | H37: =(0.5*H35*H29*(7.23*$A$19^2*LOG10(G21/H21)+$A$19*(G26-H26)))/1000 -> 1013.5261 | I37: =(0.5*I35*I29*(7.23*$A$19^2*LOG10(H21/I21)+$A$19*(H26-I26)))/1000 -> 1020.8272 | K37: =(0.5*G35*G29*(7.23*$A$19^2+$A$19*(F26-G26)))/1000 -> 7346.3335
B39: Р | D39: =((2*D37*D34)/(3.615*$A$19*LOG10((C3/2)/D21))/1000) -> 13.201213 | E39: =4*((4*E37*E34)/(7.23*$A$19^2*LOG10(D21/E21)))/1000 -> 18.281877 | F39: =4*((4*F37*F34)/(7.23*$A$19^2*LOG10(E21/F21)))/1000 -> 6.8735478 | G39: =4*((4*G37*G34)/(7.23*$A$19^2*LOG10(F21/G21)))/1000 -> 12.813694 | H39: =4*((4*H37*H34)/(7.23*$A$19^2*LOG10(G21/H21)))/1000 -> 5.4312281 | I39: =4*((4*I37*I34)/(7.23*$A$19^2*LOG10(H21/I21)))/1000 -> 7.9482224
B40: МпрП | D40: =D36*D34*0.16 -> 115.88899 | E40: =E36*E34*0.16 -> 361.81552 | F40: =F36*F34*0.16 -> 58.521236 | G40: =G36*G34*0.16 -> 189.84816 | H40: =H36*H34*0.16 -> 32.467628 | I40: =I36*I34*0.16 -> 66.345403
B41: Rp | D41: =((D36*(D21*2))/(2.65*$A$19*(1-($A$19/(D21*2))))) -> 233.42287 | E41: =((E36*(E21*2))/(2.65*$A$19*(1-($A$19/(E21*2))))) -> 350.24153 | F41: =((F36*(F21*2))/(2.65*$A$19*(1-($A$19/(F21*2))))) -> 110.8067 | G41: =((G36*(G21*2))/(2.65*$A$19*(1-($A$19/(G21*2))))) -> 161.39388 | H41: =((H36*(H21*2))/(2.65*$A$19*(1-($A$19/(H21*2))))) -> 53.180595 | I41: =((I36*(I21*2))/(2.65*$A$19*(1-($A$19/(I21*2))))) -> 61.650911 | J41: =SUM(D41:I41) -> 970.69649
A42: 220 | D42: 1 | E42: 2 | F42: 3 | G42: 4 | H42: 5 | I42: 6
A43: Межосевое растояние минимальное | E43: ГВ | F43: 610 | G43: мм | H43: ВВ | I43: 600 | J43: мм
A44: Межосевое расстояние максивальное | F44: 870 | G44: мм | I44: 900 | J44: мм
A45: 270
A46: Межосевое растояние минимальное | E46: ГВ | F46: 660 | G46: мм | H46: ВВ | I46: 600 | J46: мм
A47: Межосевое расстояние максивальное | F47: 870 | G47: мм | I47: 900 | J47: мм
A48: 360
A49: Межосевое растояние минимальное | E49: ГВ | F49: 750 | G49: мм | H49: ВВ | I49: 600 | J49: мм
A50: Межосевое расстояние максивальное | F50: 870 | G50: мм | I50: 900 | J50: мм
A51: 420
A52: Межосевое растояние минимальное | E52: ГВ | F52: 810 | G52: мм | H52: ВВ | I52: 600 | J52: мм
A53: Межосевое расстояние максивальное | F53: 870 | G53: мм | I53: 900 | J53: мм

Sheet ВНИТИ
G1: Программа №4 с К/К | O1: ГВ | P1: 590 | R1: ст20 | S1: 450МПА | T1: 45кг/м
O2: ВВ | P2: 460
F3: Для расчётов калибровок по заданной схеме. | Q3: =NOW() -> 46288.744
B4: z 2-5, | C4: S, | D4: rн, | E4: r`н, | F4: rн/S, | G4: Дз, | H4: Да, | I4: Дв, | J4: А, | K4: В, | L4: δ, мм | O4: Д0а, | P4: Д0в, | Q4: α1, | R4: sт, | S4: V,
B5: шт | C5: мм | D5: мм | E5: мм | G5: мм | H5: мм | I5: мм | J5: мм | K5: мм | L5: к.1-к.2 | M5: к.3-к.4 | N5: к.5-к.6 | O5: мм | P5: мм | Q5: град | R5: кг/мм² | S5: м/мин
B6: 4 | C6: 12 | D6: 25.5 | E6: =(2.35-0.007*(ATAN(0.5*(1/('Расчётные данные'!D12*(1/D6-1/'Расчётные данные'!E12))))*180/PI()))*D6/1.72 -> 29.153558 | F6: =D6/C6 -> 2.125 | G6: =((((SQRT((1/ВНИТИ!E6-1/'Расчётные данные'!E12)*'Расчётные данные'!D12))*'Расчётные данные'!D12*3)+(2*('Расчётные данные'!B12+'Расчётные данные'!C12)-ВНИТИ!E6*1.72))/PI()) -> 193.96824 | H6: =P1 -> 590 | I6: =P2 -> 460 | J6: 160 | K6: 160 | L6: 15 | M6: 10 | N6: 5 | O6: =P1+K6 -> 750 | P6: =P2+J6 -> 620 | Q6: 8 | R6: 40 | S6: 5
B8: Схема профилирования | D8: Клеть | E8: Валки | F8: DПi/П, | G8: Пi, | H8: DПи, | I8: ri, | J8: Ria,мм | K8: Ai,мм | L8: Промежуточная величина, мм | N8: Коэфф. скорости | O8: ai,мм | P8: Ha,мм | Q8: A`,мм | R8: Да,мм
F9: % | G9: мм | H9: мм | I9: мм | J9: Riв,мм | K9: Bi,мм | O9: вi,мм | P9: Hв,мм | Q9: B`,мм | R9: Дэ,мм
D10: 1 | E10: A | F10: 0 | G10: =G6*PI() -> 609.3692 | H10: 0 | I10: ='Расчётные данные'!G205 -> 94.073446 | J10: ='Расчётные данные'!E205 -> 154.2769 | K10: ----- | L10: ----- | O10: ='Расчётные данные'!I205 -> 133.84481 | P10: ='Расчётные данные'!B166 -> 15.270593 | Q10: ='Расчётные данные'!F205 -> 197.41084 | R10: min | S10: ='Расчётные данные'!B189 -> 561.4962
R11: max | S11: ='Расчётные данные'!B186 -> 592.03739
D12: зада- | E12: B | J12: ----- | K12: ----- | O12: ----- | P12: ----- | Q12: ='Расчётные данные'!B205 -> 188.5038 | R12: -----
D13: ющая
C14: Формирующие | D14: 2 | E14: A | F14: ='Расчётные данные'!D27 -> 1.2696541 | G14: ='Расчётные данные'!C27 -> 601.63232 | H14: ='Расчётные данные'!H27 -> 7.7368813 | I14: ='Расчётные данные'!E27 -> 70.621738 | J14: ='Расчётные данные'!B61 -> 171.50627 | K14: ='Расчётные данные'!B102 -> 180.46783 | L14: a= | M14: ='Расчётные данные'!B114 -> 71.406144 | N14: ='Расчётные данные'!C289 -> 0.99055552 | O14: ='Расчётные данные'!B150 -> 133.2261 | P14: ='Расчётные данные'!C166 -> 13.464811 | Q14: ='Расчётные данные'!B126 -> 184.63662 | R14: min | S14: ='Расчётные данные'!C189 -> 565.72648
L15: b= | M15: ='Расчётные данные'!B117 -> 79.369514 | R15: max | S15: ='Расчётные данные'!C186 -> 592.6561
E16: B | J16: ='Расчётные данные'!B64 -> 163.72446 | K16: ='Расчётные данные'!B99 -> 180.42415 | L16: x= | M16: ='Расчётные данные'!B134 -> 73.931385 | O16: ='Расчётные данные'!B161 -> 136.51422 | P16: ='Расчётные данные'!C169 -> 14.906901 | Q16: ='Расчётные данные'!B123 -> 184.27352 | R16: min | S16: ='Расчётные данные'!B197 -> 435.36338
L17: y= | M17: ='Расчётные данные'!B137 -> 75.383685 | R17: max | S17: ='Расчётные данные'!B194 -> 465.17718
D18: 3 | E18: A | F18: ='Расчётные данные'!D30 -> 1.9369144 | G18: ='Расчётные данные'!C30 -> 597.56624 | H18: ='Расчётные данные'!H30 -> 4.0660783 | I18: ='Расчётные данные'!E30 -> 51.897779 | J18: ='Расчётные данные'!C61 -> 303.29091 | K18: ='Расчётные данные'!C102 -> 171.46034 | L18: a= | M18: ='Расчётные данные'!C114 -> 188.10246 | N18: ='Расчётные данные'!D289 -> 0.9805848 | O18: ='Расчётные данные'!C150 -> 142.79459 | P18: ='Расчётные данные'!D166 -> 8.5235402 | Q18: ='Расчётные данные'!C126 -> 176.58036 | R18: min | S18: ='Расчётные данные'!D189 -> 574.01795
L19: b= | M19: ='Расчётные данные'!C117 -> 215.29988 | R19: max | S19: ='Расчётные данные'!D186 -> 591.06503
E20: B | J20: ='Расчётные данные'!C64 -> 276.39264 | K20: ='Расчётные данные'!C99 -> 171.4081 | L20: x= | M20: ='Расчётные данные'!C134 -> 77.043296 | O20: ='Расчётные данные'!C161 -> 145.0631 | P20: ='Расчётные данные'!D169 -> 9.6866858 | Q20: ='Расчётные данные'!C123 -> 175.98205 | R20: min | S20: ='Расчётные данные'!C197 -> 443.41964
L21: y= | M21: ='Расчётные данные'!C137 -> 78.042418 | R21: max | S21: ='Расчётные данные'!C194 -> 462.79301
D22: 4 | E22: A | F22: ='Расчётные данные'!D33 -> 2.5557895 | G22: ='Расчётные данные'!C33 -> 593.79501 | H22: ='Расчётные данные'!H33 -> 3.7712342 | I22: ='Расчётные данные'!E33 -> 38.599032 | J22: ='Расчётные данные'!D61 -> 536.33825 | K22: ='Расчётные данные'!D102 -> 164.90174 | L22: a= | M22: ='Расчётные данные'!D114 -> 381.89303 | N22: ='Расчётные данные'!E289 -> 0.82286668 | O22: ='Расчётные данные'!D150 -> 143.65223 | P22: ='Расчётные данные'!E166 -> 4.8312153 | Q22: ='Расчётные данные'!D126 -> 169.40247 | R22: min | S22: ='Расчётные данные'!E189 -> 581.26741
L23: b= | M23: ='Расчётные данные'!D117 -> 451.97196 | R23: max | S23: ='Расчётные данные'!E186 -> 590.92984
E24: B | J24: ='Расчётные данные'!D64 -> 466.59427 | K24: ='Расчётные данные'!D99 -> 164.86163 | L24: x= | M24: ='Расчётные данные'!D134 -> 78.022921 | O24: ='Расчётные данные'!D161 -> 145.17467 | P24: ='Расчётные данные'!E169 -> 5.6807302 | Q24: ='Расчётные данные'!D123 -> 168.73259 | R24: min | S24: ='Расчётные данные'!D197 -> 450.59753
L25: y= | M25: ='Расчётные данные'!D137 -> 78.660823 | R25: max | S25: ='Расчётные данные'!D194 -> 461.95899
D26: 5 | E26: A | F26: ='Расчётные данные'!D36 -> 3.1697808 | G26: ='Расчётные данные'!C36 -> 590.05354 | H26: ='Расчётные данные'!H36 -> 3.7414744 | I26: ='Расчётные данные'!E36 -> 29.153558 | J26: ='Расчётные данные'!E61 -> 948.45811 | K26: ='Расчётные данные'!E102 -> 159.97432 | L26: a= | M26: ='Расчётные данные'!E114 -> 705.99295 | N26: ='Расчётные данные'!F289 -> 0.96322245 | O26: ='Расчётные данные'!E150 -> 149.0595 | P26: ='Расчётные данные'!F166 -> 2.9328046 | Q26: ='Расчётные данные'!E126 -> 163.38317 | R26: min | S26: ='Расчётные данные'!F189 -> 587.23697
L27: b= | M27: ='Расчётные данные'!E117 -> 867.0766 | R27: max | S27: ='Расчётные данные'!F186 -> 593.10258
E28: B | J28: ='Расчётные данные'!E64 -> 787.68453 | K28: ='Расчётные данные'!E99 -> 159.95 | L28: x= | M28: ='Расчётные данные'!E134 -> 77.801678 | O28: ='Расчётные данные'!E161 -> 149.92837 | P28: ='Расчётные данные'!F169 -> 3.5752967 | Q28: ='Расчётные данные'!E123 -> 162.76303 | R28: min | S28: ='Расчётные данные'!E197 -> 456.61683
L29: y= | M29: ='Расчётные данные'!E137 -> 78.185107 | R29: max | S29: ='Расчётные данные'!E194 -> 463.76742
D30: 6 | E30: A | F30: ----- | G30: ='Расчётные данные'!C39 -> 586.29235 | H30: ----- | I30: =D6 -> 25.5 | J30: Q | K30: ----- | L30: ----- | N30: ='Расчётные данные'!G289 -> 0.9611056 | O30: =J6-(N6*1.4142) -> 152.929 | P30: ----- | Q30: =J6 -> 160 | R30: =H6 -> 590
D32: калиб- | E32: B | J32: Q | K32: ----- | O32: =K6-(N6*1.4142) -> 152.929 | P32: ----- | Q32: =K6 -> 160 | R32: =I6 -> 460
D33: рующая
D35: Z-количество формирующих клетей
D36: Д0а,Д0в-межосевое расстояние
B38: Клеть | C38: L | D38: Р | E38: a | F38: Мпр. | G38: n | H38: Nдв. | I38: L- | J38: Длинна очага деформации (мм). | U38: =SQRT(U40/(U41/2)) -> 0.13951295 | V38: =SQRT(V40/(V41/2)) -> 0.12229148 | W38: =SQRT(W40/(W41/2)) -> 0.16996834 | X38: =SQRT(X40/(X41/2)) -> 0.15793549 | Y38: =SQRT(Y40/(Y41/2)) -> 0.1425869 | Z38: =SQRT(Z40/(Z41/2)) -> 0.096779159
C39: мм | D39: тонн | E39: град. | F39: кг*м | G39: об./мин | H39: кВч | I39: Р- | J39: Давление металла на валки (т). | U39: =DEGREES(U38) -> 7.9935031 | V39: =DEGREES(V38) -> 7.0067855 | W39: =DEGREES(W38) -> 9.7384687 | X39: =DEGREES(X38) -> 9.0490371 | Y39: =DEGREES(Y38) -> 8.1696274 | Z39: =DEGREES(Z38) -> 5.5450374
B40: 1 зада- | C40: ='Расчётные данные'!B223 -> 39.167995 | D40: ='Расчётные данные'!B228 -> 30.08102 | E40: ='Расчётные данные'!B234 -> 8 | F40: ='Расчётные данные'!B240 -> 154.72302 | G40: ='Расчётные данные'!B246 -> 2.8344794 | H40: ='Расчётные данные'!B252 -> 0.68888722 | I40: a- | J40: Угол захвата (град.). | U40: =G6-Q12 -> 5.4644424 | V40: =Q12-Q16 -> 4.2302779 | W40: =Q16-Q20 -> 8.2914704 | X40: =Q20-Q24 -> 7.2494564 | Y40: =Q24-Q28 -> 5.9695642 | Z40: =Q28-Q32 -> 2.7630307
B41: ющая | I41: Мпр.- | J41: Момент прокатки (кг*м). | U41: =S10 -> 561.4962 | V41: =S14 -> 565.72648 | W41: =S18 -> 574.01795 | X41: =S22 -> 581.26741 | Y41: =S26 -> 587.23697 | Z41: =R30 -> 590
B42: 2 | C42: ='Расчётные данные'!C223 -> 35.001001 | D42: ='Расчётные данные'!C228 -> 33.600961 | E42: ='Расчётные данные'!C234 -> 6.9290828 | F42: ='Расчётные данные'!C240 -> 2577.3068 | G42: ='Расчётные данные'!C246 -> 2.7478822 | H42: ='Расчётные данные'!C252 -> 11.124592 | I42: n- | J42: Число оборотов валков (об./мин).
I43: Nдв.- | J43: Мощность двигателя (кВт).
B44: 3 | C44: ='Расчётные данные'!D223 -> 49.143288 | D44: ='Расчётные данные'!D228 -> 47.177557 | E44: ='Расчётные данные'!D234 -> 9.6784642 | F44: ='Расчётные данные'!D240 -> 2191.3347 | G44: ='Расчётные данные'!D246 -> 2.7320791 | H44: ='Расчётные данные'!D252 -> 9.4042001 | U44: =SQRT(U46/(U47/2)) -> 0.058722022 | V44: =SQRT(V46/(V47/2)) -> 0.08304548 | W44: =SQRT(W46/(W47/2)) -> 0.10170953 | X44: =SQRT(X46/(X47/2)) -> 0.11744404 | Y44: =SQRT(Y46/(Y47/2)) -> 0.13130643 | Z44: =SQRT(Z46/(Z47/2)) -> 0.14383899 | AA44: =SQRT(AA46/(AA47/2)) -> 0.15536387 | AB44: =SQRT(AB46/(AB47/2)) -> 0.16609096 | ... AD44: =SQRT(AD46/(AD47/2)) -> 0.18569534
U45: =DEGREES(U44) -> 3.364524 | V45: =DEGREES(V44) -> 4.7581555 | W45: =DEGREES(W44) -> 5.8275265 | X45: =DEGREES(X44) -> 6.729048 | Y45: =DEGREES(Y44) -> 7.5233044 | Z45: =DEGREES(Z44) -> 8.2413671 | AA45: =DEGREES(AA44) -> 8.9016938 | AB45: =DEGREES(AB44) -> 9.516311 | ... AD45: =DEGREES(AD44) -> 10.639559
B46: 4 | C46: ='Расчётные данные'!E223 -> 46.091737 | D46: ='Расчётные данные'!E228 -> 44.248067 | E46: ='Расчётные данные'!E234 -> 9.020979 | F46: ='Расчётные данные'!E240 -> 2099.5701 | G46: ='Расчётные данные'!E246 -> 2.7154977 | H46: ='Расчётные данные'!E252 -> 8.9557033 | U46: 1 | V46: 2 | W46: 3 | X46: 4 | Y46: 5 | Z46: 6 | AA46: 7 | AB46: 8 | AC46: 9 | AD46: 10
U47: 580 | V47: 580 | W47: 580 | X47: 580 | Y47: 580 | Z47: 580 | AA47: 580 | AB47: 580 | AC47: 580 | AD47: 580
B48: 5 | C48: ='Расчётные данные'!F223 -> 41.970563 | D48: ='Расчётные данные'!F228 -> 40.291741 | E48: ='Расчётные данные'!F234 -> 8.1561878 | F48: ='Расчётные данные'!F240 -> 2027.7578 | G48: ='Расчётные данные'!F246 -> 2.6967654 | H48: ='Расчётные данные'!F252 -> 8.5897224
B50: 6 калиб- | C50: ='Расчётные данные'!G223 -> 37.420888 | D50: ='Расчётные данные'!G228 -> 35.924053 | E50: ='Расчётные данные'!G234 -> 7.2290412 | F50: ='Расчётные данные'!G240 -> 1939.543 | G50: ='Расчётные данные'!G246 -> 2.6813037 | H50: ='Расчётные данные'!G252 -> 8.1689322
B51: рующая
F52: =SUM(F40:F51) -> 10990.235
B55: Толщина стенки | D55: Rn/S
D56: EN | E56: ГОСТ
B57: S ≤ 6 | D57: 1,6 до 2,4 | E57: ≤2
B58: 6 < S ≤ 10 | D58: 2,0 до 3,0 | E58: ≤2
B59: S > 10 | D59: 2,4 до 3,6 | E59: ≤2
C69: =394.7*4 -> 1578.8
C70: =392.7*4 -> 1570.8
C71: =388.3*4 -> 1553.2
C72: =386.6*4 -> 1546.4
C73: =385.5*4 -> 1542
C74: =391.4*4 -> 1565.6
F75: =20+250+60.5+356+66.5+250+20+376 -> 1399

Sheet Расчётные данные
D3: Задающие параметры:
C5: Д3 | F5: Дв | H5: d3-4 | I5: d5-6
C6: =ВНИТИ!G6 -> 193.96824 | F6: =ВНИТИ!I6 -> 460 | H6: =ВНИТИ!M6 -> 10 | I6: =ВНИТИ!N6 -> 5
B9: РАСЧЁТ ФАКТИЧЕСКОГО РАДИУСА ЗАКРУГЛЕНИЯ И ДИАМЕТРА ЗАГОТОВКИ:
B11: А | C11: В | D11: S | E11: R`3
B12: =ВНИТИ!J6 -> 160 | C12: =ВНИТИ!K6 -> 160 | D12: =ВНИТИ!C6 -> 12 | E12: =(B12+C12)/PI() -> 101.85916
B15: РАСЧЁТ РАДИУСОВ СКРУГЛЕНИЯ ТРУБ ПРИ ПРОФИЛИРОВАНИИ В МНОГОКЛЕТЬЕВОМ СТАНЕ:
B17: z | C17: riн | D17: ЗНАМЕНАТ | E17: ЧИСЛИТ | F17: Rн1 | G17: Rн2 | H17: Rн3 | I17: Rн4 | J17: Rн5 | K17: Rн6
B18: =ВНИТИ!B6 -> 4 | C18: =(((ВНИТИ!G6-D12)/2)/(POWER((ВНИТИ!G6-D12)/(2*ВНИТИ!E6-D12),1/B18)))+D12/2 -> 70.621738 | D18: =POWER((ВНИТИ!G6-D12)/(2*ВНИТИ!E6-D12),1/B18) -> 1.4079491 | E18: =(((ВНИТИ!G6-D12)/2)) -> 90.984121 | F18: =(E18/D18)+(D12/2) -> 70.621738 | G18: =(F18-D12/2)/D18+D12/2 -> 51.897779 | H18: =(G18-D12/2)/D18+D12/2 -> 38.599032 | I18: =(H18-D12/2)/D18+D12/2 -> 29.153558 | J18: =(I18-D12/2)/D18+D12/2 -> 22.444882 | K18: =(J18-D12/2)/D18+D12/2 -> 17.680026
B22: Расчёт изменения периметра,при профилировании:
B24: Радиус сопряжения углов профиля (гор. и верт.):
B26: д.П1 | C26: П1 | D26: д.Пi/П% | E26: ri1 | F26: R3 | G26: 1 | H26: дПи1
B27: =(SQRT(((1/E27)-(1/F27))*D12))*D12*3 -> 7.7368813 | C27: =ВНИТИ!G6*PI()-B27 -> 601.63232 | D27: =(((SQRT((1/E27-1/F27)*D12))*D12*3)/(ВНИТИ!G6*PI()))*100 -> 1.2696541 | E27: =F18 -> 70.621738 | F27: =ВНИТИ!G6/2 -> 96.984121 | H27: =ВНИТИ!G10-'Расчётные данные'!C27 -> 7.7368813
B29: д.П2 | C29: П2 | D29: д.Пi/П% | E29: ri2 | F29: R3 | G29: 2 | H29: дПи2
B30: =(SQRT(((1/E30)-(1/F30))*D12))*D12*3 -> 11.80296 | C30: =ВНИТИ!G6*PI()-B30 -> 597.56624 | D30: =(((SQRT((1/E30-1/F30)*D12))*D12*3)/(ВНИТИ!G6*PI()))*100 -> 1.9369144 | E30: =G18 -> 51.897779 | F30: =ВНИТИ!G6/2 -> 96.984121 | H30: =C27-C30 -> 4.0660783
B32: д.П3 | C32: П3 | D32: д.Пi/П% | E32: ri3 | F32: R3 | G32: 3 | H32: дПи3
B33: =(SQRT(((1/E33)-(1/F33))*D12))*D12*3 -> 15.574194 | C33: =ВНИТИ!G6*PI()-B33 -> 593.79501 | D33: =(((SQRT((1/E33-1/F33)*D12))*D12*3)/(ВНИТИ!G6*PI()))*100 -> 2.5557895 | E33: =H18 -> 38.599032 | F33: =ВНИТИ!G6/2 -> 96.984121 | H33: =C30-C33 -> 3.7712342
B35: д.П4 | C35: П4 | D35: д.Пi/П% | E35: ri4 | F35: R3 | G35: 4 | H35: дПи4
B36: =(SQRT(((1/E36)-(1/F36))*D12))*D12*3 -> 19.315668 | C36: =ВНИТИ!G6*PI()-B36 -> 590.05354 | D36: =(((SQRT((1/E36-1/F36)*D12))*D12*3)/(ВНИТИ!G6*PI()))*100 -> 3.1697808 | E36: =I18 -> 29.153558 | F36: =ВНИТИ!G6/2 -> 96.984121 | H36: =C33-C36 -> 3.7414744
B38: д.П5 | C38: П5 | D38: д.Пi/П% | E38: ri5 | F38: R3 | G38: 5 | H38: дПи5
B39: =(SQRT(((1/E39)-(1/F39))*D12))*D12*3 -> 23.076855 | C39: =ВНИТИ!G6*PI()-B39 -> 586.29235 | D39: =(((SQRT((1/E39-1/F39)*D12))*D12*3)/(ВНИТИ!G6*PI()))*100 -> 3.7870071 | E39: =J18 -> 22.444882 | F39: =ВНИТИ!G6/2 -> 96.984121 | H39: =C36-C39 -> 3.7611866
B41: д.Пi | C41: П6 | D41: д.Пi/П% | E41: ri6 | F41: R3 | G41: 6 | H41: дПи6
B42: =(SQRT(((1/E42)-(1/F42))*D12))*D12*3 -> 26.819407 | C42: =ВНИТИ!G6*PI()-B42 -> 582.5498 | D42: =(((SQRT((1/E42-1/F42)*D12))*D12*3)/(ВНИТИ!G6*PI()))*100 -> 4.4011753 | E42: =K18 -> 17.680026 | F42: =ВНИТИ!G6/2 -> 96.984121 | H42: =C39-C42 -> 3.742552
B45: Расчёт радиусов вогнутости роликов (валков) при профилировании
B46: в "z" клетях или за один проход:
B48: Ru_a-гор | C48: Ru_b-верт
B49: =(B12*(1/(1/((ATAN((POWER((ВНИТИ!H6/B12),2)/10))*180/PI())*(((1/ВНИТИ!D6-1/(C6/2))/20)*B12))+0.06)))/1.2 -> 948.45811 | C49: =(C12*(1/(1/((ATAN((POWER((F6/C12),2)/10))*180/PI())*(((1/ВНИТИ!D6-1/(C6/2))/20)*C12))+0.06)))/1.2 -> 787.68453
B51: Определив критичесский радиус для последней клети, деформацию разгиба
B52: распределяют равномерно между клетями:
B54: К-const | C54: 2K-const
B55: =(LOG10(B49/F27))/B18 -> 0.24757938 | C55: =(LOG10(C49/F27))/B18 -> 0.22741292
B57: Для последующих клетей:
B60: Ri(a)-гор(1кл) | C60: 2г | D60: 3г | E60: 4г | F60: 5г | G60: 6г | H60: Радиус гориз. валка
B61: =POWER(10,(B55+LOG10(F27))) -> 171.50627 | C61: =POWER(10,LOG10(B61)+B55) -> 303.29091 | D61: =POWER(10,LOG10(C61)+B55) -> 536.33825 | E61: =POWER(10,LOG10(D61)+B55) -> 948.45811 | F61: =POWER(10,LOG10(E61)+B55) -> 1677.249 | G61: =POWER(10,LOG10(F61)+B55) -> 2966.0394
B63: Ri(b)-верт(1-кл) | C63: 2в | D63: 3в | E63: 4в | F63: 5в | G63: 6в | H63: Радиус вертк. валка
B64: =POWER(10,(C55+LOG10(F30))) -> 163.72446 | C64: =POWER(10,(C55+LOG10(B64))) -> 276.39264 | D64: =POWER(10,(C55+LOG10(C64))) -> 466.59427 | E64: =POWER(10,(C55+LOG10(D64))) -> 787.68453 | F64: =POWER(10,(C55+LOG10(E64))) -> 1329.7354 | G64: =POWER(10,(C55+LOG10(F64))) -> 2244.8026
B67: Расчёт условного профиля (Аi;Bi) в каждой клети для определения
B68: центров радиусов скругления профилей (центры каждого
B69: угла находятся на одной оси-линии):
B71: П
B72: =2*(B12+C12)-1.72*ВНИТИ!E6 -> 589.85588
B74: В`i(1) | C74: В`i(2) | D74: В`i(3) | E74: В`i(4) | F74: В`i(5) | G74: В`i(6)
B75: =(C27+1.72*F18)/(2*(B12/C12+1)) -> 180.77543 | C75: =(C30+1.72*G18)/(2*(B12/C12+1)) -> 171.70761 | D75: =(C33+1.72*H18)/(2*(B12/C12+1)) -> 165.04634 | E75: =(C36+1.72*I18)/(2*(B12/C12+1)) -> 160.04941 | F75: =(C39+1.72*J18)/(2*(B12/C12+1)) -> 156.22439 | G75: =(C42+1.72*K18)/(2*(B12/C12+1)) -> 153.23986
B77: А`i(1) | C77: А`i(2) | D77: А`i(3) | E77: А`i(4) | F77: А`i(5) | G77: А`i(6)
B78: =B75*(B12/C12) -> 180.77543 | C78: =C75*(B12/C12) -> 171.70761 | D78: =D75*(B12/C12) -> 165.04634 | E78: =E75*(B12/C12) -> 160.04941 | F78: =F75*(B12/C12) -> 156.22439 | G78: =G75*(B12/C12) -> 153.23986
B80: Delta/ cр(1) | C80: Delta/ cр(2) | D80: Delta/ cр(3) | E80: Delta/ cр(4) | F80: Delta/ cр(5) | G80: Delta/ cр(6)
B81: =((B75-C12)+(B78-B12))/2 -> 20.775428 | C81: =((C75-C12)+(C78-B12))/2 -> 11.707606 | D81: =((D75-C12)+(D78-B12))/2 -> 5.0463362 | E81: =((E75-C12)+(E78-B12))/2 -> 0.049413751 | F81: =((F75-C12)+(F78-B12))/2 -> -3.7756134 | G81: =((G75-C12)+(G78-B12))/2 -> -6.7601397
B83: Программа для определения условной высоты и ширины профиля
B84: Аi и Bi (без учёта выпуклостей граней):
B86: i | C86: iобщ.
B87: =(ВНИТИ!J6-ВНИТИ!E6*(2-(PI()/2)))/(ВНИТИ!K6-ВНИТИ!E6*(2-(PI()/2))) -> 1 | C87: =2*B87+2 -> 4
B89: Riв-ri2 | C89: Riв-ri3 | D89: Riв-ri4 | E89: Riв-ri5 | F89: Riв-ri6 | G89: Riв-ri7
B90: =B64-$E$27 -> 93.102717 | C90: =C64-E30 -> 224.49486 | D90: =D64-E33 -> 427.99523 | E90: =E64-E36 -> 758.53098 | F90: =F64-E39 -> 1307.2905 | G90: =G64-E42 -> 2227.1226
B92: Ria-ri2 | C92: Ria-ri3 | D92: Ria-ri4 | E92: Ria-ri5 | F92: Ria-ri6 | G92: Ria-ri7
B93: =B61-$E$27 -> 100.88454 | C93: =C61-E30 -> 251.39313 | D93: =D61-E33 -> 497.73922 | E93: =E61-E36 -> 919.30455 | F93: =F61-E39 -> 1654.8041 | G93: =G61-E42 -> 2948.3594
B96: ЗАНЕСТИ В ТАБЛИЦУ!!!
B98: Вi(1) | C98: Вi(2) | D98: Вi(3) | E98: Вi(4) | F98: Вi(5) | G98: Вi(6)
B99: =((SIN(((((('Расчётные данные'!$C$27/$C$87)/PI())-('Расчётные данные'!$E$27/2))*90)/$B$90)*PI()/180))*$B$90+$E$27)*2 -> 180.42415 | C99: =((SIN(((((($C$30/$C$87)/PI())-($E$30/2))*90)/$C$90)*PI()/180))*$C$90+$E$30)*2 -> 171.4081 | D99: =((SIN(((((($C$33/$C$87)/PI())-($E$33/2))*90)/$D$90)*PI()/180))*$D$90+$E$33)*2 -> 164.86163 | E99: =((SIN(((((($C$36/$C$87)/PI())-($E$36/2))*90)/$E$90)*PI()/180))*$E$90+$E$36)*2 -> 159.95 | F99: =((SIN(((((($C$39/$C$87)/PI())-($E$39/2))*90)/$F$90)*PI()/180))*$F$90+$E$39)*2 -> 156.17289 | G99: =((SIN((((((C42/$C$87)/PI())-(E42/2))*90)/G90)*PI()/180))*G90+E42)*2 -> 153.21203
B101: Ai(1) | C101: Ai(2) | D101: Ai(3) | E101: Ai(4) | F101: Ai(5) | G101: Ai(6)
B102: =((SIN((((((($C$27*$B$87)/$C$87)/PI())-($E$27/2))*90)/$B$93)*PI()/180))*$B$93+$E$27)*2 -> 180.46783 | C102: =((SIN((((((($C$30*$B$87)/$C$87)/PI())-($E$30/2))*90)/$C$93)*PI()/180))*$C$93+$E$30)*2 -> 171.46034 | D102: =((SIN((((((($C$33*$B$87)/$C$87)/PI())-($E$33/2))*90)/$D$93)*PI()/180))*$D$93+$E$33)*2 -> 164.90174 | E102: =((SIN((((((($C$36*$B$87)/$C$87)/PI())-($E$36/2))*90)/$E$93)*PI()/180))*$E$93+$E$36)*2 -> 159.97432 | F102: =((SIN((((((($C$39*$B$87)/$C$87)/PI())-($E$39/2))*90)/$F$93)*PI()/180))*$F$93+$E$39)*2 -> 156.18553 | G102: =((SIN(((((((C42*$B$87)/$C$87)/PI())-(E42/2))*90)/G93)*PI()/180))*G93+E42)*2 -> 153.21793 | H102: -Расчет радиуса скругления на центры одной оси
B105: Расчёт размеров валков: | N105: 724
N106: 688
B107: 1О(1-2) | C107: 2О(1-2) | D107: 3О(1-2) | E107: 4О(1-2) | F107: 5О(1-2) | G107: 6О(1-2) | N107: =N105/N106 -> 1.0523256
B108: =(B64-E27)*(COS(ASIN((B99/2-E27)/(B64-E27)))) -> 91.01832 | C108: =(C64-E30)*(COS(ASIN((C99/2-E30)/(C64-E30)))) -> 221.93485 | D108: =(D64-E33)*(COS(ASIN((D99/2-E33)/(D64-E33)))) -> 425.74487 | E108: =(E64-E36)*(COS(ASIN((E99/2-E36)/(E64-E36)))) -> 756.82655 | F108: =(F64-E39)*(COS(ASIN((F99/2-E39)/(F64-E39)))) -> 1306.1059 | G108: =(G64-E42)*(COS(ASIN((G99/2-E42)/(G64-E42)))) -> 2226.3429
B110: 1О(3-4) | C110: 2О(3-4) | D110: 3О(3-4) | E110: 4О(3-4) | F110: 5О(3-4) | G110: 6О(3-4)
B111: =(B61-$E27)*(COS(ASIN((B102/2-$E27)/(B61-$E27)))) -> 98.959852 | C111: =(C61-$E30)*(COS(ASIN((C102/2-$E30)/(C61-$E30)))) -> 249.10615 | D111: =(D61-$E33)*(COS(ASIN((D102/2-$E33)/(D61-$E33)))) -> 495.80374 | E111: =(E61-$E36)*(COS(ASIN((E102/2-$E36)/(E61-$E36)))) -> 917.89804 | F111: =(F61-$E39)*(COS(ASIN((F102/2-$E39)/(F61-$E39)))) -> 1653.8682 | G111: =(G61-$E42)*(COS(ASIN((G102/2-$E42)/(G61-$E42)))) -> 2947.7704
B113: a1 | C113: a2 | D113: a3 | E113: a4 | F113: a5 | G113: a6
B114: =B108-(B102/2-E27) -> 71.406144 | C114: =C108-(C102/2-E30) -> 188.10246 | D114: =D108-(D102/2-E33) -> 381.89303 | E114: =E108-(E102/2-E36) -> 705.99295 | F114: =F108-(F102/2-E39) -> 1250.458 | G114: =G108-(G102/2-E42) -> 2167.414 | H114: -Смещение радиусов калибров относительно центра колибров (b-смещ. радиусов гор.).
B116: b1 | C116: b2 | D116: b3 | E116: b4 | F116: b5 | G116: b6
B117: =B111-(B99/2-E27) -> 79.369514 | C117: =C111-(C99/2-E30) -> 215.29988 | D117: =D111-(D99/2-E33) -> 451.97196 | E117: =E111-(E99/2-E36) -> 867.0766 | F117: =F111-(F99/2-E39) -> 1598.2266 | G117: =G111-(G99/2-E42) -> 2888.8444
B119: 1а2+1b2 | C119: 2а2+2b2 | D119: 3а2+3b2 | E119: 4а2+4b2 | F119: 5а2+5b2 | G119: 6а2+6b2
B120: =POWER(B114,2)+POWER(B117,2) -> 11398.357 | C120: =POWER(C114,2)+POWER(C117,2) -> 81736.576 | D120: =POWER(D114,2)+POWER(D117,2) -> 350120.94 | E120: =POWER(E114,2)+POWER(E117,2) -> 1250247.9 | F120: =POWER(F114,2)+POWER(F117,2) -> 4117973.5 | G120: =POWER(G114,2)+POWER(G117,2) -> 13043105
B122: Bi`(1) | C122: Bi`(2) | D122: Bi`(3) | E122: Bi`(4) | F122: Bi`(5) | G122: Bi`(6)
B123: =(B61-B111+(B99/2-$E27))*2 -> 184.27352 | C123: =(C61-C111+(C99/2-$E30))*2 -> 175.98205 | D123: =(D61-D111+(D99/2-$E33))*2 -> 168.73259 | E123: =(E61-E111+(E99/2-$E36))*2 -> 162.76303 | F123: =(F61-F111+(F99/2-$E39))*2 -> 158.04475 | G123: =(G61-G111+(G99/2-$E42))*2 -> 154.38996 | H123: -Наружные размеры профиля с учетом выпуклости.
B125: Ai`(1) | C125: Ai`(2) | D125: Ai`(3) | E125: Ai`(4) | F125: Ai`(5) | G125: Ai`(6)
B126: =(B64-B108+(B102/2-$E27))*2 -> 184.63662 | C126: =(C64-C108+(C102/2-$E30))*2 -> 176.58036 | D126: =(D64-D108+(D102/2-$E33))*2 -> 169.40247 | E126: =(E64-E108+(E102/2-$E36))*2 -> 163.38317 | F126: =(F64-F108+(F102/2-$E39))*2 -> 158.55484 | G126: =(G64-G108+(G102/2-$E42))*2 -> 154.77729
B128: КООРДИНАТА X ИЗ С-МЫ:
B130: с1 | C130: с2 | D130: с3 | E130: с4 | F130: с5 | G130: с6
B131: =POWER(B61,2)-POWER(B64,2)+(POWER(B114,2)+POWER(B117,2)) -> 14007.062 | C131: =POWER(C61,2)-POWER(C64,2)+(POWER(C114,2)+POWER(C117,2)) -> 97329.06 | D131: =POWER(D61,2)-POWER(D64,2)+(POWER(D114,2)+POWER(D117,2)) -> 420069.45 | E131: =POWER(E61,2)-POWER(E64,2)+(POWER(E114,2)+POWER(E117,2)) -> 1529373.7 | F131: =POWER(F61,2)-POWER(F64,2)+(POWER(F114,2)+POWER(F117,2)) -> 5162941.3 | G131: =POWER(G61,2)-POWER(G64,2)+(POWER(G114,2)+POWER(G117,2)) -> 16801356 | H131: Вспомогательная (промежуточная) величина.
B133: Х1 | C133: Х2 | D133: Х3 | E133: Х4 | F133: Х5 | G133: Х6
B134: =((-B114)*B131+B117*(SQRT(4*POWER(B61,2)*B120-POWER(B131,2))))/(2*B120) -> 73.931385 | C134: =((-C114)*C131+C117*(SQRT(4*POWER(C61,2)*C120-POWER(C131,2))))/(2*C120) -> 77.043296 | D134: =((-D114)*D131+D117*(SQRT(4*POWER(D61,2)*D120-POWER(D131,2))))/(2*D120) -> 78.022921 | E134: =((-E114)*E131+E117*(SQRT(4*POWER(E61,2)*E120-POWER(E131,2))))/(2*E120) -> 77.801678 | F134: =((-F114)*F131+F117*(SQRT(4*POWER(F61,2)*F120-POWER(F131,2))))/(2*F120) -> 77.031488 | G134: =((-G114)*G131+G117*(SQRT(4*POWER(G61,2)*G120-POWER(G131,2))))/(2*G120) -> 76.094329 | H134: Координаты точки пересечения радиусов ra и rb относительно центра колибра.
B136: Y1 | C136: Y2 | D136: Y3 | E136: Y4 | F136: Y5 | G136: Y6
B137: =SQRT(POWER(B61,2)-POWER(B134,2))-B117 -> 75.383685 | C137: =SQRT(POWER(C61,2)-POWER(C134,2))-C117 -> 78.042418 | D137: =SQRT(POWER(D61,2)-POWER(D134,2))-D117 -> 78.660823 | E137: =SQRT(POWER(E61,2)-POWER(E134,2))-E117 -> 78.185107 | F137: =SQRT(POWER(F61,2)-POWER(F134,2))-F117 -> 77.252516 | G137: =SQRT(POWER(G61,2)-POWER(G134,2))-G117 -> 76.218711
B139: Программа расчетов роликов:
B141: Гориз. валки:
B143: d1г | C143: d2г | D143: d3г | E143: d4г | F143: d5г | G143: d6г
B144: =(B134-B137)-((ВНИТИ!L6/2)/(COS(45*PI()/180))) -> -12.058902 | C144: =(C134-C137)-(($H$6/2)/(COS(45*PI()/180))) -> -8.0701901 | D144: =(D134-D137)-(($H$6/2)/(COS(45*PI()/180))) -> -7.7089692 | E144: =(E134-E137)-(($I$6/2)/(COS(45*PI()/180))) -> -3.9189632 | F144: =(F134-F137)-(($I$6/2)/(COS(45*PI()/180))) -> -3.756562 | G144: =(G134-G137)-(($I$6/2)/(COS(45*PI()/180))) -> -3.6599158
B146: d1г-b1 | C146: d2г-b2 | D146: d3г-b3 | E146: d4г-b4 | F146: d5г-b5 | G146: d6г-b6
B147: =B144-B117 -> -91.428416 | C147: =C144-C117 -> -223.37007 | D147: =D144-D117 -> -459.68093 | E147: =E144-E117 -> -870.99556 | F147: =F144-F117 -> -1601.9832 | G147: =G144-G117 -> -2892.5043
B149: а`1 | C149: а`2 | D149: а`3 | E149: а`4 | F149: а`5 | G149: а`6
B150: =B147+(SQRT((2*POWER(B61,2))-POWER(B147,2))) -> 133.2261 | C150: =C147+(SQRT((2*POWER(C61,2))-POWER(C147,2))) -> 142.79459 | D150: =D147+(SQRT((2*POWER(D61,2))-POWER(D147,2))) -> 143.65223 | E150: =E147+(SQRT((2*POWER(E61,2))-POWER(E147,2))) -> 149.0595 | F150: =F147+(SQRT((2*POWER(F61,2))-POWER(F147,2))) -> 147.29617 | G150: =G147+(SQRT((2*POWER(G61,2))-POWER(G147,2))) -> 145.29061
B152: Вертикальные:
B154: d1в | C154: d2в | D154: d3в | E154: d4в | F154: d5в | G154: d6в
B155: =(B137-B134)-((ВНИТИ!L6/2)/(COS(45*PI()/180))) -> -9.1543017 | C155: =(C137-C134)-(($H$6/2)/(COS(45*PI()/180))) -> -6.0719455 | D155: =(D137-D134)-(($H$6/2)/(COS(45*PI()/180))) -> -6.4331664 | E155: =(E137-E134)-(($I$6/2)/(COS(45*PI()/180))) -> -3.1521046 | F155: =(F137-F134)-(($I$6/2)/(COS(45*PI()/180))) -> -3.3145058 | G155: =(G137-G134)-(($I$6/2)/(COS(45*PI()/180))) -> -3.411152
B157: d1в-а1 | C157: d2в-а2 | D157: d3в-а3 | E157: d4в-а4 | F157: d5в-а5 | G157: d6в-а6
B158: =B155-B114 -> -80.560446 | C158: =C155-C114 -> -194.17441 | D158: =D155-D114 -> -388.3262 | E158: =E155-E114 -> -709.14505 | F158: =F155-F114 -> -1253.7725 | G158: =G155-G114 -> -2170.8251
B160: в`1 | C160: в`2 | D160: в`3 | E160: в`4 | F160: в`5 | G160: в`6
B161: =B158+(SQRT((2*POWER(B64,2))-POWER(B158,2))) -> 136.51422 | C161: =C158+(SQRT((2*POWER(C64,2))-POWER(C158,2))) -> 145.0631 | D161: =D158+(SQRT((2*POWER(D64,2))-POWER(D158,2))) -> 145.17467 | E161: =E158+(SQRT((2*POWER(E64,2))-POWER(E158,2))) -> 149.92837 | F161: =F158+(SQRT((2*POWER(F64,2))-POWER(F158,2))) -> 147.81484 | G161: =G158+(SQRT((2*POWER(G64,2))-POWER(G158,2))) -> 145.59363
B163: Прогиб (глубина ручья):
B165: Н(а)0 | C165: Н(а)1 | D165: Н(а)2 | E165: Н(а)3 | F165: Н(а)4 | G165: Н(а)5 | H165: Н(а)6
...

Sheet Данные ВГ
A1: Дмин, | B1: Кл. | C1: R, | D1: Hк, | E1: Вр, | F1: 220 | G1: 270 | H1: 360 | I1: 420 | J1: Длина бочки ВГ
A2: 578 | B2: 1 | C2: 110 | D2: 9.5 | E2: 88.4 | F2: 32 | G2: 82 | H2: 172 | I2: 232 | J2: 100 | K2: Условный тип ГВ 100 х 100; Ф6кл=600мм; Lбч=115мм;
A3: 584 | B3: 2 | C3: 130 | D3: 7.5 | E3: 88.2 | F3: 26 | G3: 76 | H3: 166 | I3: 226 | J3: 100
A4: 591 | B4: 3 | C4: 210 | D4: 5 | E4: 93.4 | F4: 19 | G4: 69 | H4: 159 | I4: 219 | J4: 100
A5: 595 | B5: 4 | C5: 390 | D5: 2.5 | E5: 93.8 | F5: 15 | G5: 65 | H5: 155 | I5: 215 | J5: 100
A6: 599 | B6: 5 | C6: 730 | D6: 0.5 | E6: 92.8 | F6: 11 | G6: 61 | H6: 151 | I6: 211 | J6: 100
A7: 599 | B7: 6 | C7: ∞ | D7: 0 | E7: 94.3 | F7: 11 | G7: 61 | H7: 151 | I7: 211 | J7: 100
A8: 523 | B8: 1 | C8: 110 | D8: 21.5 | E8: 128 | F8: 85 | G8: 135 | H8: 225 | I8: 285 | J8: 150 | K8: Условный тип ГВ 150 х 100; Ф6кл=570мм; Lбч=160мм;
A9: 526 | B9: 2 | C9: 170 | D9: 14.5 | E9: 127.3 | F9: 82 | G9: 132 | H9: 222 | I9: 282 | J9: 150
A10: 550 | B10: 3 | C10: 350 | D10: 6.5 | E10: 122.3 | F10: 58 | G10: 108 | H10: 198 | I10: 258 | J10: 150
A11: 562 | B11: 4 | C11: 435 | D11: 4 | E11: 128.5 | F11: 46 | G11: 96 | H11: 186 | I11: 246 | J11: 150
A12: 568 | B12: 5 | C12: 1500 | D12: 1.5 | E12: 132.8 | F12: 40 | G12: 90 | H12: 180 | I12: 240 | J12: 150
A13: 570 | B13: 6 | C13: ∞ | D13: 0 | E13: 134.2 | F13: 40 | G13: 90 | H13: 180 | I13: 240 | J13: 150
A14: 475 | B14: 1 | C14: 140 | D14: 28.5 | E14: 174 | F14: 135 | G14: 185 | H14: 275 | I14: 335 | J14: 200 | K14: Условный тип ГВ 200Х200; Ф6кл=520мм; Lбч=220мм;
A15: 484 | B15: 2 | C15: 192 | D15: 22 | E15: 180 | F15: 126 | G15: 176 | H15: 266 | I15: 326 | J15: 200
A16: 495 | B16: 3 | C16: 285 | D16: 14.5 | E16: 184 | F16: 115 | G16: 165 | H16: 255 | I16: 315 | J16: 200
A17: 506 | B17: 4 | C17: 479 | D17: 9.5 | E17: 186 | F17: 104 | G17: 154 | H17: 244 | I17: 304 | J17: 200
A18: 512 | B18: 5 | C18: 1127 | D18: 3.5 | E18: 189 | F18: 98 | G18: 148 | H18: 238 | I18: 298 | J18: 200
A19: 518 | B19: 6 | C19: ∞ | D19: 0 | E19: 190 | F19: 92 | G19: 142 | H19: 232 | I19: 292 | J19: 200
A20: 529 | B20: 1 | C20: 300 | D20: 36 | E20: 300 | F20: 81 | G20: 131 | H20: 221 | I20: 281 | J20: 300 | K20: Условный тип ГВ 300Х80; Ф6кл=590мм; Lбч=300мм
A21: 548 | B21: 2 | C21: 600 | D21: 18 | E21: 300 | F21: 62 | G21: 112 | H21: 202 | I21: 262 | J21: 300
A22: 565 | B22: 3 | C22: 1200 | D22: 8 | E22: 300 | F22: 45 | G22: 95 | H22: 185 | I22: 245 | J22: 300
A23: 577 | B23: 4 | C23: 3000 | D23: 3 | E23: 300 | F23: 33 | G23: 83 | H23: 173 | I23: 233 | J23: 300
A24: 587 | B24: 5 | C24: 7000 | D24: 2 | E24: 300 | F24: 23 | G24: 73 | H24: 163 | I24: 223 | J24: 300
A25: 589 | B25: 6 | C25: ∞ | D25: 0 | E25: 300 | F25: 21 | G25: 71 | H25: 161 | I25: 221 | J25: 300
A26: 376 | B26: 1 | C26: 9⁰ | D26: 30.5 | E26: 370 | F26: 234 | G26: 284 | H26: 374 | I26: 434 | J26: 390 | K26: Условный тип ГВ 400Х100; Ф6кл=590мм; Lбч=400мм
A27: 400 | B27: 2 | C27: 7⁰ | D27: 23.8 | E27: 390 | F27: 210 | G27: 260 | H27: 350 | I27: 410 | J27: 390
A28: 422 | B28: 3 | C28: 5⁰ | D28: 17 | E28: 390 | F28: 188 | G28: 238 | H28: 328 | I28: 388 | J28: 390
A29: 440 | B29: 4 | C29: 3⁰ | D29: 10.2 | E29: 390 | F29: 170 | G29: 220 | H29: 310 | I29: 370 | J29: 390
A30: 454 | B30: 5 | C30: 1⁰ | D30: 3.4 | E30: 390 | F30: 156 | G30: 206 | H30: 296 | I30: 356 | J30: 390
A31: 460 | B31: 6 | C31: 0⁰ | D31: 0 | E31: 400 | F31: 150 | G31: 200 | H31: 290 | I31: 350 | J31: 390
A32: 507 | B32: 1 | C32: 500 | D32: 39.5 | E32: 400 | F32: 103 | G32: 153 | H32: 243 | I32: 303 | J32: 400 | K32: Условный тип ГВ 400Х400; Ф6кл=460мм; Lбч=400мм
A33: 531 | B33: 2 | C33: 800 | D33: 23.5 | E33: 400 | F33: 79 | G33: 129 | H33: 219 | I33: 279 | J33: 400
A34: 540 | B34: 3 | C34: 1200 | D34: 16 | E34: 400 | F34: 70 | G34: 120 | H34: 210 | I34: 270 | J34: 400
A35: 560 | B35: 4 | C35: 1600 | D35: 12.5 | E35: 400 | F35: 50 | G35: 100 | H35: 190 | I35: 250 | J35: 400
A36: 580 | B36: 5 | C36: 4000 | D36: 5 | E36: 400 | F36: 30 | G36: 80 | H36: 170 | I36: 230 | J36: 400
A37: 590 | B37: 6 | C37: ∞ | D37: 0 | E37: 400 | F37: 20 | G37: 70 | H37: 160 | I37: 220 | J37: 400

Sheet Данные ВВ
A1: Кл. | B1: Обозначение | C1: Вр, | D1: Обозначение | E1: Дмин, | F1: Дмакс, | G1: R, мм | H1: Количество
A3: 2 | B3: УПС.09.УВ2И-80 | C3: 80 | D3: УПС.09.УВ2И-80 | E3: 410 | F3: 413.4 | G3: 400 | H3: 2
A4: 2 | B4: УПС.09.УВ2И-105 | C4: 105 | D4: УПС.09.УВ2И-105 | E4: 410 | F4: 416 | G4: 400 | H4: 2
A5: 2 | B5: УПС.09.УВ2-80 | C5: 80 | D5: УПС.09.УВ2-80 | E5: 360 | F5: 363.4 | G5: 400 | H5: 2
A6: 2 | B6: УПС.09.УВ2-100 | C6: 100 | D6: УПС.09.УВ2-100 | E6: 360 | F6: 365.5 | G6: 400 | H6: 2
A7: 2 | B7: УПС.09.УВ2-105 | C7: 105 | D7: УПС.09.УВ2-105 | E7: 360 | F7: 366.1 | G7: 400 | H7: 2
A8: 2 | B8: УПС.09.УВ2-115 | C8: 115 | D8: УПС.09.УВ2-115 | E8: 360 | F8: 367.4 | G8: 400 | H8: 2
A9: 3 | B9: УПС.09.УВ3И-80 | C9: 20 | D9: УПС.09.УВ3И-80 | E9: 415 | F9: 417.1 | G9: 600 | H9: 2
A10: 3 | B10: УПС.09.УВ3И-95 | C10: 95 | D10: УПС.09.УВ3И-95 | E10: 410 | F10: 413.3 | G10: 600 | H10: 2
A11: 3 | B11: УПС.09.УВ3И-115 | C11: 115 | D11: УПС.09.УВ3И-115 | E11: 410 | F11: 414.9 | G11: 600 | H11: 2
A12: 3 | B12: УПС.09.УВ3И-125 | C12: 125 | D12: УПС.09.УВ3И-125 | E12: 410 | F12: 415.9 | G12: 600 | H12: 2
A13: 3 | B13: УПС.09.УВ3-75 | C13: 75 | D13: УПС.09.УВ3-75 | E13: 365 | F13: 367 | G13: 600 | H13: 2
A14: 3 | B14: УПС.09.УВ3-80 | C14: 80 | D14: УПС.09.УВ3-80 | E14: 365 | F14: 367.3 | G14: 600 | H14: 2
... A23: 3 | B23: УПС.ВУ.09.95-03 | C23: 95 | D23: УПС.ВУ.09.95-03 | E23: 430 | F23: 433.3 | G23: 600 | H23: 2
A24: 3 | B24: 3B-80 | C24: 75 | E24: 475 | G24: 600 | H24: 2
A25: 3 | B25: УПС.10.520-3 | C25: 30 | D25: УПС.10.520-3 | E25: 520 | F25: 522 | G25: 600 | H25: 2
A26: 3 | B26: УПС.10.520-3-01 | C26: 50 | D26: УПС.10.520-3-01 | E26: 520 | F26: 524 | G26: 600 | H26: 2
A27: 3 | B27: УПС.10.520-3-02 | C27: 70 | D27: УПС.10.520-3-02 | E27: 520 | F27: 528 | G27: 600 | H27: 2
A28: 4 | B28: УПС.09.УВ4И-80 | C28: 80 | D28: УПС.09.УВ4И-80 | E28: 420 | F28: 420.9 | G28: 1500 | H28: 2
A29: 4 | B29: УПС.09.УВ4И-95 | C29: 95 | D29: УПС.09.УВ4И-95 | E29: 410 | F29: 411.3 | G29: 1500 | H29: 2
A30: 4 | B30: УПС.09.УВ4И-115 | C30: 115 | D30: УПС.09.УВ4И-115 | E30: 410 | F30: 412 | G30: 1500 | H30: 2
A31: 4 | B31: УПС.09.УВ4И-125 | C31: 125 | D31: УПС.09.УВ4И-125 | E31: 410 | F31: 412.4 | G31: 1500 | H31: 2
A32: 4 | B32: УПС.09.УВ4И-135 | C32: 135 | D32: УПС.09.УВ4И-135 | E32: 410 | F32: 412.6 | G32: 1500 | H32: 2
A33: 4 | B33: УПС.09.УВ4И-145 | C33: 145 | D33: УПС.09.УВ4И-145 | E33: 410 | F33: 413.2 | G33: 1500 | H33: 2
A34: 4 | B34: УПС.09.УВ4И-155 | C34: 155 | D34: УПС.09.УВ4И-155 | E34: 410 | F34: 413.7 | G34: 1500 | H34: 2
A35: 4 | B35: УПС.09.УВ4-75 | C35: 75 | D35: УПС.09.УВ4-75 | E35: 365 | F35: 365.8 | G35: 1500 | H35: 2
A36: 4 | B36: УПС.09.УВ4-80 | C36: 80 | D36: УПС.09.УВ4-80 | E36: 365 | F36: 365.9 | G36: 1500 | H36: 2
... A45: 4 | B45: УПС.ВУ.09.105-04 | C45: 105 | D45: УПС.ВУ.09.105-04 | E45: 430 | F45: 431.6 | G45: 1500 | H45: 2
A46: 4 | B46: 4B-80 | C46: 75 | E46: 475
A47: 4 | B47: УПС.10.520-4 | C47: 30 | D47: УПС.10.520-4 | E47: 520 | F47: 521 | G47: 1500 | H47: 2
A48: 4 | B48: УПС.10.520-4-01 | C48: 40 | D48: УПС.10.520-4-01 | E48: 520 | F48: 522 | G48: 1500 | H48: 2
A49: 4 | B49: УПС.10.520-4-02 | C49: 50 | D49: УПС.10.520-4-02 | E49: 520 | F49: 523 | G49: 1500 | H49: 2
A50: 4 | B50: УПС.10.520-4-03 | C50: 60 | D50: УПС.10.520-4-03 | E50: 520 | F50: 524 | G50: 1500 | H50: 2
A51: 4 | B51: УПС.10.520-4-04 | C51: 70 | D51: УПС.10.520-4-04 | E51: 520 | F51: 525 | G51: 1500 | H51: 2
A52: 5 | B52: 5B-80 | C52: 75 | E52: 475
A53: 6 | B53: 6B-80 | C53: 75 | E53: 475
A54: 5-6 | B54: УПС.10.520-6 | C54: 15 | D54: УПС.10.520-6 | E54: 520 | F54: 0 | G54: 0 | H54: 2
A55: 5-6 | B55: УПС.10.520-6-01 | C55: 20 | D55: УПС.10.520-6-01 | E55: 520 | F55: 0 | G55: 0 | H55: 2
A56: 5-6 | B56: УПС.10.520-6-02 | C56: 25 | D56: УПС.10.520-6-02 | E56: 520 | F56: 0 | G56: 0 | H56: 2
A57: 5-6 | B57: Валок наборной | C57: 0 | D57: Валок наборной | E57: 365 | F57: 0 | G57: 0 | H57: 4
A58: 5-6 | B58: Валок наборной | C58: 0 | D58: Валок наборной | E58: 455 | F58: 0 | G58: 0 | H58: 4

Sheet Лист1
A1: Дмин, | B1: Кл. | C1: R, | D1: Hк, | E1: Вр, | F1: 220 | G1: 270 | H1: 360 | I1: 420 | J1: Длина бочки ВГ
A2: Условный тип ГВ 100 х 100; Ø 6 кл = 600мм; Lбч = 115мм;
A3: 578 | B3: 1 | C3: 110 | D3: 9.5 | E3: 88.4 | F3: 32 | G3: 82 | H3: 172 | I3: 232 | J3: 100
A4: 584 | B4: 2 | C4: 130 | D4: 7.5 | E4: 88.2 | F4: 26 | G4: 76 | H4: 166 | I4: 226 | J4: 100
A5: 591 | B5: 3 | C5: 210 | D5: 5 | E5: 93.4 | F5: 19 | G5: 69 | H5: 159 | I5: 219 | J5: 100
A6: 595 | B6: 4 | C6: 390 | D6: 2.5 | E6: 93.8 | F6: 15 | G6: 65 | H6: 155 | I6: 215 | J6: 100
A7: 599 | B7: 5 | C7: 730 | D7: 0.5 | E7: 92.8 | F7: 11 | G7: 61 | H7: 151 | I7: 211 | J7: 100
A8: 599 | B8: 6 | C8: ∞ | D8: 0 | E8: 94.3 | F8: 11 | G8: 61 | H8: 151 | I8: 211 | J8: 100
A9: Условный тип ГВ 150 х 100; Ø 6 кл = 570мм; Lбч = 160мм;
A10: 523 | B10: 1 | C10: 110 | D10: 21.5 | E10: 128 | F10: 85 | G10: 135 | H10: 225 | I10: 285 | J10: 150
A11: 526 | B11: 2 | C11: 170 | D11: 14.5 | E11: 127.3 | F11: 82 | G11: 132 | H11: 222 | I11: 282 | J11: 150
A12: 550 | B12: 3 | C12: 350 | D12: 6.5 | E12: 122.3 | F12: 58 | G12: 108 | H12: 198 | I12: 258 | J12: 150
A13: 562 | B13: 4 | C13: 435 | D13: 4 | E13: 128.5 | F13: 46 | G13: 96 | H13: 186 | I13: 246 | J13: 150
A14: 568 | B14: 5 | C14: 1500 | D14: 1.5 | E14: 132.8 | F14: 40 | G14: 90 | H14: 180 | I14: 240 | J14: 150
A15: 570 | B15: 6 | C15: ∞ | D15: 0 | E15: 134.2 | F15: 40 | G15: 90 | H15: 180 | I15: 240 | J15: 150
A16: Условный тип ГВ 200 Х 200; Ø 6 кл = 520мм; Lбч = 220мм;
A17: 475 | B17: 1 | C17: 140 | D17: 28.5 | E17: 174 | F17: 135 | G17: 185 | H17: 275 | I17: 335 | J17: 200
A18: 484 | B18: 2 | C18: 192 | D18: 22 | E18: 180 | F18: 126 | G18: 176 | H18: 266 | I18: 326 | J18: 200
A19: 495 | B19: 3 | C19: 285 | D19: 14.5 | E19: 184 | F19: 115 | G19: 165 | H19: 255 | I19: 315 | J19: 200
A20: 506 | B20: 4 | C20: 479 | D20: 9.5 | E20: 186 | F20: 104 | G20: 154 | H20: 244 | I20: 304 | J20: 200
A21: 512 | B21: 5 | C21: 1127 | D21: 3.5 | E21: 189 | F21: 98 | G21: 148 | H21: 238 | I21: 298 | J21: 200
A22: 518 | B22: 6 | C22: ∞ | D22: 0 | E22: 190 | F22: 92 | G22: 142 | H22: 232 | I22: 292 | J22: 200
A23: Условный тип ГВ 300 Х 80; Ø 6 кл = 590мм; Lбч = 300мм
A24: 529 | B24: 1 | C24: 300 | D24: 36 | E24: 300 | F24: 81 | G24: 131 | H24: 221 | I24: 281 | J24: 300
A25: 548 | B25: 2 | C25: 600 | D25: 18 | E25: 300 | F25: 62 | G25: 112 | H25: 202 | I25: 262 | J25: 300
A26: 565 | B26: 3 | C26: 1200 | D26: 8 | E26: 300 | F26: 45 | G26: 95 | H26: 185 | I26: 245 | J26: 300
A27: 577 | B27: 4 | C27: 3000 | D27: 3 | E27: 300 | F27: 33 | G27: 83 | H27: 173 | I27: 233 | J27: 300
A28: 587 | B28: 5 | C28: 7000 | D28: 2 | E28: 300 | F28: 23 | G28: 73 | H28: 163 | I28: 223 | J28: 300
A29: 589 | B29: 6 | C29: ∞ | D29: 0 | E29: 300 | F29: 21 | G29: 71 | H29: 161 | I29: 221 | J29: 300
A30: Условный тип ГВ 400 Х 100; Ф6кл = 590мм; Lбч = 400мм
A31: 376 | B31: 1 | C31: 9⁰ | D31: 30.5 | E31: 370 | F31: 234 | G31: 284 | H31: 374 | I31: 434 | J31: 390
A32: 400 | B32: 2 | C32: 7⁰ | D32: 23.8 | E32: 390 | F32: 210 | G32: 260 | H32: 350 | I32: 410 | J32: 390
A33: 422 | B33: 3 | C33: 5⁰ | D33: 17 | E33: 390 | F33: 188 | G33: 238 | H33: 328 | I33: 388 | J33: 390
A34: 440 | B34: 4 | C34: 3⁰ | D34: 10.2 | E34: 390 | F34: 170 | G34: 220 | H34: 310 | I34: 370 | J34: 390
A35: 454 | B35: 5 | C35: 1⁰ | D35: 3.4 | E35: 390 | F35: 156 | G35: 206 | H35: 296 | I35: 356 | J35: 390
A36: 460 | B36: 6 | C36: 0⁰ | D36: 0 | E36: 400 | F36: 150 | G36: 200 | H36: 290 | I36: 350 | J36: 390
A37: Условный тип ГВ 400 Х 400; Ø 6 кл = 460мм; Lбч = 400мм
A38: 507 | B38: 1 | C38: 500 | D38: 39.5 | E38: 400 | F38: 103 | G38: 153 | H38: 243 | I38: 303 | J38: 400
A39: 531 | B39: 2 | C39: 800 | D39: 23.5 | E39: 400 | F39: 79 | G39: 129 | H39: 219 | I39: 279 | J39: 400
A40: 540 | B40: 3 | C40: 1200 | D40: 16 | E40: 400 | F40: 70 | G40: 120 | H40: 210 | I40: 270 | J40: 400
A41: 560 | B41: 4 | C41: 1600 | D41: 12.5 | E41: 400 | F41: 50 | G41: 100 | H41: 190 | I41: 250 | J41: 400
A42: 580 | B42: 5 | C42: 4000 | D42: 5 | E42: 400 | F42: 30 | G42: 80 | H42: 170 | I42: 230 | J42: 400
A43: 590 | B43: 6 | C43: ∞ | D43: 0 | E43: 400 | F43: 20 | G43: 70 | H43: 160 | I43: 220 | J43: 400

Sheet Наст. эксц.
N3: Диаметры труб круглого сечения
S4: =S6-20 -> 890 | U4: =U6-20 -> 870 | W4: =W6-20 -> 840 | Y4: =Y6-20 -> 810 | AA4: =AA6-20 -> 780 | AC4: =AC6-20 -> 750 | AE4: =AE6-20 -> 720 | AG4: =AG6-20 -> 690 | AI4: =AI6-20 -> 660 | AK4: =AK6-20 -> 630 | AM4: =AM6-20 -> 600 | AO4: =AO6-20 -> 570
C5: max | D5: min | G5: max | H5: min | K5: max | L5: min | S5: max | T5: min | U5: max | V5: min | W5: max | X5: min | Y5: max | Z5: min | AA5: max | AB5: min | AC5: max | AD5: min | AE5: max | AF5: min | AG5: max | AH5: min | AI5: max | AJ5: min | AK5: max | AL5: min | AM5: max | AN5: min | AO5: max | AP5: min
C6: 650 | D6: 610 | G6: 620 | H6: 580 | K6: 590 | L6: 550 | N6: 0 | S6: =U6+20 -> 910 | T6: =S6-40 -> 870 | U6: =W6+30 -> 890 | V6: =U6-40 -> 850 | W6: =Y6+30 -> 860 | X6: =W6-40 -> 820 | Y6: =AA6+30 -> 830 | Z6: =Y6-40 -> 790 | AA6: =AC6+30 -> 800 | AB6: =AA6-40 -> 760 | AC6: =AE6+30 -> 770 | AD6: =AC6-40 -> 730 | AE6: =AG6+30 -> 740 | AF6: =AE6-40 -> 700 | AG6: =AI6+30 -> 710 | AH6: =AG6-40 -> 670 | AI6: =650+30 -> 680 | AJ6: =AI6-40 -> 640 | AK6: 650 | AL6: 610 | AM6: 620 | AN6: 580 | AO6: 590 | AP6: 550
B7: 1 | C7: 2 | D7: 3 | E7: 4 | F7: 5 | G7: 6 | H7: 7 | I7: 8 | J7: 9 | K7: 10 | L7: 11 | N7: 33 | R7: 1 | S7: 2 | T7: 3 | U7: 2 | V7: 3 | W7: 2 | X7: 3 | Y7: 2 | Z7: 3 | AA7: 2 | AB7: 3 | AC7: 2 | AD7: 3 | AE7: 2 | AF7: 3 | AG7: 2 | AH7: 3 | AI7: 2 | AJ7: 3 | AK7: 2 | AL7: 3 | AM7: 6 | AN7: 7 | AO7: 10 | AP7: 11
B8: 360 | C8: 290 | D8: 250 | G8: 260 | H8: 220 | K8: 230 | L8: 190 | N8: 38 | R8: 360 | S8: =$U$6-P8 -> 890 | T8: =$V$6-P8 -> 850 | U8: =$U$6-R8 -> 530 | V8: =$V$6-R8 -> 490 | W8: =$W$6-R8 -> 500 | X8: =$X$6-R8 -> 460 | Y8: =$Y$6-R8 -> 470 | Z8: =$Z$6-R8 -> 430 | AA8: =$AA$6-R8 -> 440 | AB8: =$AB$6-R8 -> 400 | AC8: =$AC$6-R8 -> 410 | AD8: =$AD$6-R8 -> 370 | AE8: =$AE$6-R8 -> 380 | AF8: =$AF$6-R8 -> 340 | AG8: =$AG$6-R8 -> 350 | AH8: =$AH$6-R8 -> 310 | AI8: =$AI$6-R8 -> 320 | AJ8: =$AJ$6-R8 -> 280 | AK8: 290 | AL8: 250 | AM8: 260 | AN8: 220 | AO8: 230 | AP8: 190
B9: 365 | C9: 285 | D9: 245 | G9: 255 | H9: 215 | K9: 225 | L9: 185 | N9: 42 | R9: 365 | S9: =$U$6-P9 -> 890 | T9: =$V$6-P9 -> 850 | U9: =$U$6-R9 -> 525 | V9: =$V$6-R9 -> 485 | W9: =$W$6-R9 -> 495 | X9: =$X$6-R9 -> 455 | Y9: =$Y$6-R9 -> 465 | Z9: =$Z$6-R9 -> 425 | AA9: =$AA$6-R9 -> 435 | AB9: =$AB$6-R9 -> 395 | AC9: =$AC$6-R9 -> 405 | AD9: =$AD$6-R9 -> 365 | AE9: =$AE$6-R9 -> 375 | AF9: =$AF$6-R9 -> 335 | AG9: =$AG$6-R9 -> 345 | AH9: =$AH$6-R9 -> 305 | AI9: =$AI$6-R9 -> 315 | AJ9: =$AJ$6-R9 -> 275 | AK9: 285 | AL9: 245 | AM9: 255 | AN9: 215 | AO9: 225 | AP9: 185
B10: 410 | C10: 240 | D10: 200 | G10: 210 | H10: 170 | K10: 180 | L10: 140 | N10: 45 | R10: 410 | S10: =$U$6-P10 -> 890 | T10: =$V$6-P10 -> 850 | U10: =$U$6-R10 -> 480 | V10: =$V$6-R10 -> 440 | W10: =$W$6-R10 -> 450 | X10: =$X$6-R10 -> 410 | Y10: =$Y$6-R10 -> 420 | Z10: =$Z$6-R10 -> 380 | AA10: =$AA$6-R10 -> 390 | AB10: =$AB$6-R10 -> 350 | AC10: =$AC$6-R10 -> 360 | AD10: =$AD$6-R10 -> 320 | AE10: =$AE$6-R10 -> 330 | AF10: =$AF$6-R10 -> 290 | AG10: =$AG$6-R10 -> 300 | AH10: =$AH$6-R10 -> 260 | AI10: =$AI$6-R10 -> 270 | AJ10: =$AJ$6-R10 -> 230 | AK10: 240 | AL10: 200 | AM10: 210 | AN10: 170 | AO10: 180 | AP10: 140
B11: 430 | C11: 220 | D11: 180 | G11: 190 | H11: 150 | K11: 160 | L11: 120 | N11: 48 | R11: 430 | S11: =$U$6-P11 -> 890 | T11: =$V$6-P11 -> 850 | U11: =$U$6-R11 -> 460 | V11: =$V$6-R11 -> 420 | W11: =$W$6-R11 -> 430 | X11: =$X$6-R11 -> 390 | Y11: =$Y$6-R11 -> 400 | Z11: =$Z$6-R11 -> 360 | AA11: =$AA$6-R11 -> 370 | AB11: =$AB$6-R11 -> 330 | AC11: =$AC$6-R11 -> 340 | AD11: =$AD$6-R11 -> 300 | AE11: =$AE$6-R11 -> 310 | AF11: =$AF$6-R11 -> 270 | AG11: =$AG$6-R11 -> 280 | AH11: =$AH$6-R11 -> 240 | AI11: =$AI$6-R11 -> 250 | AJ11: =$AJ$6-R11 -> 210 | AK11: 220 | AL11: 180 | AM11: 190 | AN11: 150 | AO11: 160 | AP11: 120
B12: 435 | C12: 215 | D12: 175 | G12: 185 | H12: 145 | K12: 155 | L12: 115 | N12: 51 | R12: 435 | S12: =$U$6-P12 -> 890 | T12: =$V$6-P12 -> 850 | U12: =$U$6-R12 -> 455 | V12: =$V$6-R12 -> 415 | W12: =$W$6-R12 -> 425 | X12: =$X$6-R12 -> 385 | Y12: =$Y$6-R12 -> 395 | Z12: =$Z$6-R12 -> 355 | AA12: =$AA$6-R12 -> 365 | AB12: =$AB$6-R12 -> 325 | AC12: =$AC$6-R12 -> 335 | AD12: =$AD$6-R12 -> 295 | AE12: =$AE$6-R12 -> 305 | AF12: =$AF$6-R12 -> 265 | AG12: =$AG$6-R12 -> 275 | AH12: =$AH$6-R12 -> 235 | AI12: =$AI$6-R12 -> 245 | AJ12: =$AJ$6-R12 -> 205 | AK12: 215 | AL12: 175 | AM12: 185 | AN12: 145 | AO12: 155 | AP12: 115
B13: 440 | C13: 210 | D13: 170 | G13: 180 | H13: 140 | K13: 150 | L13: 110 | N13: 54 | R13: 440 | S13: =$U$6-P13 -> 890 | T13: =$V$6-P13 -> 850 | U13: =$U$6-R13 -> 450 | V13: =$V$6-R13 -> 410 | W13: =$W$6-R13 -> 420 | X13: =$X$6-R13 -> 380 | Y13: =$Y$6-R13 -> 390 | Z13: =$Z$6-R13 -> 350 | AA13: =$AA$6-R13 -> 360 | AB13: =$AB$6-R13 -> 320 | AC13: =$AC$6-R13 -> 330 | AD13: =$AD$6-R13 -> 290 | AE13: =$AE$6-R13 -> 300 | AF13: =$AF$6-R13 -> 260 | AG13: =$AG$6-R13 -> 270 | AH13: =$AH$6-R13 -> 230 | AI13: =$AI$6-R13 -> 240 | AJ13: =$AJ$6-R13 -> 200 | AK13: 210 | AL13: 170 | AM13: 180 | AN13: 140 | AO13: 150 | AP13: 110
B14: 445 | C14: 205 | D14: 165 | G14: 175 | H14: 135 | K14: 145 | L14: 105 | N14: 57 | R14: 445 | S14: =$U$6-P14 -> 890 | T14: =$V$6-P14 -> 850 | U14: =$U$6-R14 -> 445 | V14: =$V$6-R14 -> 405 | W14: =$W$6-R14 -> 415 | X14: =$X$6-R14 -> 375 | Y14: =$Y$6-R14 -> 385 | Z14: =$Z$6-R14 -> 345 | AA14: =$AA$6-R14 -> 355 | AB14: =$AB$6-R14 -> 315 | AC14: =$AC$6-R14 -> 325 | AD14: =$AD$6-R14 -> 285 | AE14: =$AE$6-R14 -> 295 | AF14: =$AF$6-R14 -> 255 | AG14: =$AG$6-R14 -> 265 | AH14: =$AH$6-R14 -> 225 | AI14: =$AI$6-R14 -> 235 | AJ14: =$AJ$6-R14 -> 195 | AK14: 205 | AL14: 165 | AM14: 175 | AN14: 135 | AO14: 145 | AP14: 105
B15: 455 | C15: 195 | D15: 155 | G15: 165 | H15: 125 | K15: 135 | L15: 95 | N15: 60 | R15: 455 | S15: =$U$6-P15 -> 890 | T15: =$V$6-P15 -> 850 | U15: =$U$6-R15 -> 435 | V15: =$V$6-R15 -> 395 | W15: =$W$6-R15 -> 405 | X15: =$X$6-R15 -> 365 | Y15: =$Y$6-R15 -> 375 | Z15: =$Z$6-R15 -> 335 | AA15: =$AA$6-R15 -> 345 | AB15: =$AB$6-R15 -> 305 | AC15: =$AC$6-R15 -> 315 | AD15: =$AD$6-R15 -> 275 | AE15: =$AE$6-R15 -> 285 | AF15: =$AF$6-R15 -> 245 | AG15: =$AG$6-R15 -> 255 | AH15: =$AH$6-R15 -> 215 | AI15: =$AI$6-R15 -> 225 | AJ15: =$AJ$6-R15 -> 185 | AK15: 195 | AL15: 155 | AM15: 165 | AN15: 125 | AO15: 135 | AP15: 95
B16: 470 | C16: 180 | D16: 140 | G16: 150 | H16: 110 | K16: 120 | L16: 80 | N16: 63 | R16: 470 | S16: =$U$6-P16 -> 890 | T16: =$V$6-P16 -> 850 | U16: =$U$6-R16 -> 420 | V16: =$V$6-R16 -> 380 | W16: =$W$6-R16 -> 390 | X16: =$X$6-R16 -> 350 | Y16: =$Y$6-R16 -> 360 | Z16: =$Z$6-R16 -> 320 | AA16: =$AA$6-R16 -> 330 | AB16: =$AB$6-R16 -> 290 | AC16: =$AC$6-R16 -> 300 | AD16: =$AD$6-R16 -> 260 | AE16: =$AE$6-R16 -> 270 | AF16: =$AF$6-R16 -> 230 | AG16: =$AG$6-R16 -> 240 | AH16: =$AH$6-R16 -> 200 | AI16: =$AI$6-R16 -> 210 | AJ16: =$AJ$6-R16 -> 170 | AK16: 180 | AL16: 140 | AM16: 150 | AN16: 110 | AO16: 120 | AP16: 80
B17: 520 | C17: 130 | D17: 90 | G17: 100 | H17: 60 | K17: 70 | L17: 30 | N17: 68 | R17: 520 | S17: =$U$6-P17 -> 890 | T17: =$V$6-P17 -> 850 | U17: =$U$6-R17 -> 370 | V17: =$V$6-R17 -> 330 | W17: =$W$6-R17 -> 340 | X17: =$X$6-R17 -> 300 | Y17: =$Y$6-R17 -> 310 | Z17: =$Z$6-R17 -> 270 | AA17: =$AA$6-R17 -> 280 | AB17: =$AB$6-R17 -> 240 | AC17: =$AC$6-R17 -> 250 | AD17: =$AD$6-R17 -> 210 | AE17: =$AE$6-R17 -> 220 | AF17: =$AF$6-R17 -> 180 | AG17: =$AG$6-R17 -> 190 | AH17: =$AH$6-R17 -> 150 | AI17: =$AI$6-R17 -> 160 | AJ17: =$AJ$6-R17 -> 120 | AK17: 130 | AL17: 90 | AM17: 100 | AN17: 60 | AO17: 70 | AP17: 30
N18: 70
A19: Кассета серая | C19: 910 | E19: 550 | G19: Касета красная | I19: 650 | K19: 550 | N19: 73
A20: Новая | C20: max | E20: min | G20: Старая | I20: max | K20: min | N20: 76
B21: 360 | C21: =$C$19-B21 -> 550 | D21: 360 | E21: 190 | H21: 360 | I21: =$I$19-H21 -> 290 | J21: 360 | K21: 190 | N21: 83
A22: 220 | B22: 365 | C22: =$C$19-B22 -> 545 | D22: 365 | E22: 185 | G22: 220С | H22: 365 | I22: =$I$19-H22 -> 285 | J22: 365 | K22: 185 | N22: 89
A23: 270 | B23: 410 | C23: =$C$19-B23 -> 500 | D23: 410 | E23: 140 | G23: 270С | H23: 410 | I23: =$I$19-H23 -> 240 | J23: 410 | K23: 140 | N23: 95
A24: 360 | B24: 430 | C24: =$C$19-B24 -> 480 | D24: 430 | E24: 120 | G24: 360С | H24: 430 | I24: =$I$19-H24 -> 220 | J24: 430 | K24: 120 | N24: 102
A25: 420 | B25: 435 | C25: =$C$19-B25 -> 475 | D25: 435 | E25: 115 | G25: 420С | H25: 435 | I25: =$I$19-H25 -> 215 | J25: 435 | K25: 115 | N25: 108
B26: 440 | C26: =$C$19-B26 -> 470 | D26: 440 | E26: 110 | H26: 440 | I26: =$I$19-H26 -> 210 | J26: 440 | K26: 110 | N26: 114
B27: 445 | C27: =$C$19-B27 -> 465 | D27: 445 | E27: 105 | H27: 445 | I27: =$I$19-H27 -> 205 | J27: 445 | K27: 105 | N27: 121
B28: 455 | C28: =$C$19-B28 -> 455 | D28: 455 | E28: 95 | H28: 455 | I28: =$I$19-H28 -> 195 | J28: 455 | K28: 95 | N28: 127
B29: 470 | C29: =$C$19-B29 -> 440 | D29: 470 | E29: 80 | H29: 470 | I29: =$I$19-H29 -> 180 | J29: 470 | K29: 80 | N29: 133
B30: 520 | C30: =$C$19-B30 -> 390 | D30: 520 | E30: 30 | H30: 520 | I30: =$I$19-H30 -> 130 | J30: 520 | K30: 30 | N30: 140
N31: 146
N32: 152
N33: 159
N34: 168
N35: 178
N36: 180
N37: 194
N38: 203
N39: 219
N40: 245
N41: 273
N42: 299
... N50: 494
